source_path	target_path	size	sha256	source_sha256	transform
UploadFiles/xwzx/2021/1/202101271452073454.Jpeg	UploadFiles/xwzx/2021/1/202101271452073454.Jpeg	1855226	8b1e3119e960deb2044e928bd37e0e19356802d3c768690c1df4bf8891b877ad	8b1e3119e960deb2044e928bd37e0e19356802d3c768690c1df4bf8891b877ad	
UploadFiles/xwzx/2021/1/202101271452079942.Jpeg	UploadFiles/xwzx/2021/1/202101271452079942.Jpeg	147065	1325d850e10ed3703eda28bd68d10ec04250c8182f70f52f4147122762183d99	1325d850e10ed3703eda28bd68d10ec04250c8182f70f52f4147122762183d99	
UploadFiles/xwzx/2021/1/202101271452082856.Jpeg	UploadFiles/xwzx/2021/1/202101271452082856.Jpeg	142954	4af44b0e45cc3e2a22452fa1ecb62f824c51d9b21ea4a0ce8fcc23dce0d4c79a	4af44b0e45cc3e2a22452fa1ecb62f824c51d9b21ea4a0ce8fcc23dce0d4c79a	
UploadFiles/xwzx/2021/1/202101271452086392.Jpeg	UploadFiles/xwzx/2021/1/202101271452086392.Jpeg	1657903	ba64ec3d47293ddcb96c6d8b01327eca4251f63ef511c84449d8ccf568b7923a	ba64ec3d47293ddcb96c6d8b01327eca4251f63ef511c84449d8ccf568b7923a	
UploadFiles/xwzx/2021/1/202101271452087671.Jpeg	UploadFiles/xwzx/2021/1/202101271452087671.Jpeg	113574	c47c03635461fa78029b8901003f5c48bc27be47acfe1d3923f20cc5bdca0703	c47c03635461fa78029b8901003f5c48bc27be47acfe1d3923f20cc5bdca0703	
UploadFiles/xwzx/2021/1/202101271452089832.Jpeg	UploadFiles/xwzx/2021/1/202101271452089832.Jpeg	94789	0d9a7c5cfe38ae9dae6cb782febe6b68ea2842b9085af6e5ead77a4f49ca18d1	0d9a7c5cfe38ae9dae6cb782febe6b68ea2842b9085af6e5ead77a4f49ca18d1	
UploadFiles/xwzx/2021/1/202101271459328129.jpg	UploadFiles/xwzx/2021/1/202101271459328129.jpg	245634	382f457f3e7718789991f88b95c71139b036420d0deb862c1965e8a1de20c112	382f457f3e7718789991f88b95c71139b036420d0deb862c1965e8a1de20c112	
UploadFiles/xwzx/2021/1/202101271459564829.jpg	UploadFiles/xwzx/2021/1/202101271459564829.jpg	166603	477c4e51d7d6f853e9c977a6d790a8718646295000a95e287c6e47892825da76	477c4e51d7d6f853e9c977a6d790a8718646295000a95e287c6e47892825da76	
UploadFiles/xwzx/2021/1/202101271500141667.jpg	UploadFiles/xwzx/2021/1/202101271500141667.jpg	154719	2243ad73f142d1488e2aac8564d16fbbf9cb7a183066f7f0aa7fe990c9cd92af	2243ad73f142d1488e2aac8564d16fbbf9cb7a183066f7f0aa7fe990c9cd92af	
UploadFiles/xwzx/2021/1/202101271500146502.jpg	UploadFiles/xwzx/2021/1/202101271500146502.jpg	183700	518a93ff6ac3e314bb0c29f8c892adba7c507214c30cf7aa65419c5fd6b29d52	518a93ff6ac3e314bb0c29f8c892adba7c507214c30cf7aa65419c5fd6b29d52	
UploadFiles/xwzx/2021/1/202101271500147994.jpg	UploadFiles/xwzx/2021/1/202101271500147994.jpg	157691	4751b25ba76a92fb62415189fc3491ab3094c32c95f1d82453f47d457893da1f	4751b25ba76a92fb62415189fc3491ab3094c32c95f1d82453f47d457893da1f	
UploadFiles/xwzx/2021/1/202101271500282644.jpg	UploadFiles/xwzx/2021/1/202101271500282644.jpg	220560	4e86af0e19c367f38d447ece3056d73a9faa129817c0c9bdc49da323f8f3b274	4e86af0e19c367f38d447ece3056d73a9faa129817c0c9bdc49da323f8f3b274	
UploadFiles/xwzx/2021/1/202101291534376798.jpg	UploadFiles/xwzx/2021/1/202101291534376798.jpg	228938	da33b016e4999539c2b1d11db2392630957290a2d43bdabe54926a695dd4c026	da33b016e4999539c2b1d11db2392630957290a2d43bdabe54926a695dd4c026	
UploadFiles/xwzx/2021/1/202101291534392547.jpg	UploadFiles/xwzx/2021/1/202101291534392547.jpg	269005	1a987ed56edc7bd41d53b2c5b998046129b8b85e9bc199359afe97d6e19aab96	1a987ed56edc7bd41d53b2c5b998046129b8b85e9bc199359afe97d6e19aab96	
UploadFiles/xwzx/2021/1/202101291534399688.jpg	UploadFiles/xwzx/2021/1/202101291534399688.jpg	253995	a6e426e0c27f14e56d0fd78866bc7ba76fb883ac74b77f85e97e369cbafd886c	a6e426e0c27f14e56d0fd78866bc7ba76fb883ac74b77f85e97e369cbafd886c	
UploadFiles/xwzx/2021/1/202101291534403165.jpg	UploadFiles/xwzx/2021/1/202101291534403165.jpg	255002	c20798dd9a0523734852b5f62596610e2f1a6a881ddbf85f24e020277f83b5c3	c20798dd9a0523734852b5f62596610e2f1a6a881ddbf85f24e020277f83b5c3	
UploadFiles/xwzx/2021/1/202101291534409862.jpg	UploadFiles/xwzx/2021/1/202101291534409862.jpg	237166	8e847283f0a3d997c69a027795a025a66d20a44c6cb1f854b3da6526ed559188	8e847283f0a3d997c69a027795a025a66d20a44c6cb1f854b3da6526ed559188	
UploadFiles/xwzx/2021/1/202101291534415887.jpg	UploadFiles/xwzx/2021/1/202101291534415887.jpg	245721	8b6ea2d0e7ce644f44083fdba556b122173b12cd9e27c4f377e52807e642eb68	8b6ea2d0e7ce644f44083fdba556b122173b12cd9e27c4f377e52807e642eb68	
UploadFiles/xwzx/2021/1/202101291534419222.jpg	UploadFiles/xwzx/2021/1/202101291534419222.jpg	239190	27d769c5601e8a69f3a9d01d0270101f3b691e0ad934653e21140260ff8b7443	27d769c5601e8a69f3a9d01d0270101f3b691e0ad934653e21140260ff8b7443	
UploadFiles/xwzx/2021/1/202101291534430628.jpg	UploadFiles/xwzx/2021/1/202101291534430628.jpg	264363	e186b16eea0a430c19ab0347154d445d7ae53ac4c88381fddae392e9fdeea467	e186b16eea0a430c19ab0347154d445d7ae53ac4c88381fddae392e9fdeea467	
UploadFiles/xwzx/2021/1/202101291534433944.jpg	UploadFiles/xwzx/2021/1/202101291534433944.jpg	211510	18fccb7b81bcd1763872c06aaeb814647063e7a4e81f17e786b699bb5544beb6	18fccb7b81bcd1763872c06aaeb814647063e7a4e81f17e786b699bb5544beb6	
UploadFiles/xwzx/2021/1/202101291534438352.jpg	UploadFiles/xwzx/2021/1/202101291534438352.jpg	239844	4015371dcf94e6c3348bb9230f2ed16328763ef7ca5ded0ae413c8bdb407d162	4015371dcf94e6c3348bb9230f2ed16328763ef7ca5ded0ae413c8bdb407d162	
UploadFiles/xwzx/2021/1/202101291534512537.jpg	UploadFiles/xwzx/2021/1/202101291534512537.jpg	282401	8606a9fced47273f1b940eb4df5920dfa72337f1a61d8fb044a743b2920893c5	8606a9fced47273f1b940eb4df5920dfa72337f1a61d8fb044a743b2920893c5	
UploadFiles/xwzx/2021/1/202101291534568335.jpg	UploadFiles/xwzx/2021/1/202101291534568335.jpg	3253749	3683407be25a358f5f2404462da250680dec514f7a80567ddbcfec2bbb3972da	3683407be25a358f5f2404462da250680dec514f7a80567ddbcfec2bbb3972da	
UploadFiles/xwzx/2021/1/202101291534573093.jpg	UploadFiles/xwzx/2021/1/202101291534573093.jpg	3080291	268ab87cc507998b28b8343db81d476869cc3980ad2749d7606fdb945cbf3f05	268ab87cc507998b28b8343db81d476869cc3980ad2749d7606fdb945cbf3f05	
UploadFiles/xwzx/2021/1/202101291545094730.JPG	UploadFiles/xwzx/2021/1/202101291545094730.JPG	5851408	e992020ecd6edd61c364dd3117a72643b3f8f298308cdabe9bd39d561c48d0b4	e992020ecd6edd61c364dd3117a72643b3f8f298308cdabe9bd39d561c48d0b4	
UploadFiles/xwzx/2021/1/202101291546218026.JPG	UploadFiles/xwzx/2021/1/202101291546218026.JPG	7724938	e260d7f6c20a14b4942940421c8994e4e550c055edd2ce138798ffe5981e0319	e260d7f6c20a14b4942940421c8994e4e550c055edd2ce138798ffe5981e0319	
UploadFiles/xwzx/2021/1/202101291547015239.JPG	UploadFiles/xwzx/2021/1/202101291547015239.JPG	7492563	619e22622676a757dc0fb88032077ca7685b2d4643a208f24d106810bb646f1e	619e22622676a757dc0fb88032077ca7685b2d4643a208f24d106810bb646f1e	
UploadFiles/xwzx/2021/1/202101291547304140.JPG	UploadFiles/xwzx/2021/1/202101291547304140.JPG	8428374	521f75903f0dd30cd30116b3e9e41144767cf72364540772c0fa6111bf4279a9	521f75903f0dd30cd30116b3e9e41144767cf72364540772c0fa6111bf4279a9	
UploadFiles/xwzx/2021/1/202101291548005442.JPG	UploadFiles/xwzx/2021/1/202101291548005442.JPG	8275017	c516616b363d3b3dab4f9919f848fcf46670b41cb9edfab4f54ac2213db16ab5	c516616b363d3b3dab4f9919f848fcf46670b41cb9edfab4f54ac2213db16ab5	
UploadFiles/xwzx/2021/1/202101291548429490.JPG	UploadFiles/xwzx/2021/1/202101291548429490.JPG	1795663	8f71e47b61eba50a94c96f9ba3e628b9d44348a82f4b85181d034a459639d67d	8f71e47b61eba50a94c96f9ba3e628b9d44348a82f4b85181d034a459639d67d	
UploadFiles/xwzx/2021/1/202101291548465092.JPG	UploadFiles/xwzx/2021/1/202101291548465092.JPG	7674641	95eaa98bcc2bd79efae894a93dba1c133a044225b27882ea9a99381304d8c251	95eaa98bcc2bd79efae894a93dba1c133a044225b27882ea9a99381304d8c251	
UploadFiles/xwzx/2021/1/202101291549122483.jpg	UploadFiles/xwzx/2021/1/202101291549122483.jpg	2481305	69b90899ecbdef3939f50e43412260f9bf7237e9eab057de760ef678d3190974	69b90899ecbdef3939f50e43412260f9bf7237e9eab057de760ef678d3190974	
UploadFiles/xwzx/2021/10/202110051754121802.jpg	UploadFiles/xwzx/2021/10/202110051754121802.jpg	51170	322032120528b3f5da7c3e0713ad2319fc63c87b74466529ffc9a56a4da526a3	322032120528b3f5da7c3e0713ad2319fc63c87b74466529ffc9a56a4da526a3	
UploadFiles/xwzx/2021/10/202110051754123101.jpg	UploadFiles/xwzx/2021/10/202110051754123101.jpg	62473	9b540768ce0467c97d0f5c2f4982e6e4bd648f967c3240bfb2e217786f07a151	9b540768ce0467c97d0f5c2f4982e6e4bd648f967c3240bfb2e217786f07a151	
UploadFiles/xwzx/2021/10/202110071408184955.gif	UploadFiles/xwzx/2021/10/202110071408184955.gif	1005	96ae963c64e3bf7edd26f5e8d131f80d1444536dc7c69b6164d23e4db16a20d3	96ae963c64e3bf7edd26f5e8d131f80d1444536dc7c69b6164d23e4db16a20d3	
UploadFiles/xwzx/2021/10/202110071631228577.jpg	UploadFiles/xwzx/2021/10/202110071631228577.jpg	56634	064a2982933725840e20b5cd5460f9e65fa10a5a487289058c7b29d7e5da0e31	064a2982933725840e20b5cd5460f9e65fa10a5a487289058c7b29d7e5da0e31	
UploadFiles/xwzx/2021/10/202110071631237044.jpg	UploadFiles/xwzx/2021/10/202110071631237044.jpg	89530	fa12794d091ae09ceedadeba6427f23a071fd268bd89eb1e0282b7b0178c63f0	fa12794d091ae09ceedadeba6427f23a071fd268bd89eb1e0282b7b0178c63f0	
UploadFiles/xwzx/2021/10/202110090923236777.png	UploadFiles/xwzx/2021/10/202110090923236777.png	611525	d50256cd4593df5f03e422d8a8068dc206921e3619e632199b8fbef38e101e79	d50256cd4593df5f03e422d8a8068dc206921e3619e632199b8fbef38e101e79	
UploadFiles/xwzx/2021/10/202110091511035745.jpg	UploadFiles/xwzx/2021/10/202110091511035745.jpg	101516	3a9908b7b536b5076948a68fad405aab5364eb028f226d656f1ade3eb9af23fa	3a9908b7b536b5076948a68fad405aab5364eb028f226d656f1ade3eb9af23fa	
UploadFiles/xwzx/2021/10/202110091511038545.jpg	UploadFiles/xwzx/2021/10/202110091511038545.jpg	120415	55a8debf903a6453d11678aa628441f5b8787e633eaa6064eedcc206d5b4e8f1	55a8debf903a6453d11678aa628441f5b8787e633eaa6064eedcc206d5b4e8f1	
UploadFiles/xwzx/2021/10/202110091516419469.JPG	UploadFiles/xwzx/2021/10/202110091516419469.JPG	17099051	b9051752dff0712c0d7bc7faffe6ca915370d238a191b4c2488e6dc593e5ba63	b9051752dff0712c0d7bc7faffe6ca915370d238a191b4c2488e6dc593e5ba63	
UploadFiles/xwzx/2021/10/202110091516427087.JPG	UploadFiles/xwzx/2021/10/202110091516427087.JPG	604463	5ce8669164efa62313a6a345762e3f628df6a9128991f2d1a3d7299a9dde4e6a	5ce8669164efa62313a6a345762e3f628df6a9128991f2d1a3d7299a9dde4e6a	
UploadFiles/xwzx/2021/10/202110091516529522.JPG	UploadFiles/xwzx/2021/10/202110091516529522.JPG	17164258	4f9bb6a75d06e4c476ed6010388bbb5b077c2ff362ca8ed44b3190d519a3b5b7	4f9bb6a75d06e4c476ed6010388bbb5b077c2ff362ca8ed44b3190d519a3b5b7	
UploadFiles/xwzx/2021/10/202110091517039579.JPG	UploadFiles/xwzx/2021/10/202110091517039579.JPG	17727972	6d9d0071f640c4952d5ef6fbc4bab9058258da5b433f519a832e55e48dd6c1c2	6d9d0071f640c4952d5ef6fbc4bab9058258da5b433f519a832e55e48dd6c1c2	
UploadFiles/xwzx/2021/10/202110091517102808.JPG	UploadFiles/xwzx/2021/10/202110091517102808.JPG	16994907	ad77f6e0636f5ba4c0c89a5006d393e4c8f169ad9b99d2651182ea0c6ea78e87	ad77f6e0636f5ba4c0c89a5006d393e4c8f169ad9b99d2651182ea0c6ea78e87	
UploadFiles/xwzx/2021/10/202110091517111970.JPG	UploadFiles/xwzx/2021/10/202110091517111970.JPG	16867719	ff45a13b8dafc718d5dd5827ef3b59e723b2b161b7c1d720762387fb33faee16	ff45a13b8dafc718d5dd5827ef3b59e723b2b161b7c1d720762387fb33faee16	
UploadFiles/xwzx/2021/10/202110091517143449.JPG	UploadFiles/xwzx/2021/10/202110091517143449.JPG	15172868	9cb8104315bbc77fa9a09aaba7afc6238c3b9d2ed78d41f4ea11ed4478a9386b	9cb8104315bbc77fa9a09aaba7afc6238c3b9d2ed78d41f4ea11ed4478a9386b	
UploadFiles/xwzx/2021/10/202110091517267710.JPG	UploadFiles/xwzx/2021/10/202110091517267710.JPG	16858679	41e3c2d5c18d27c7a2803a57010bebcbb332e9bf5a658aaaa3631f6ce9612b6a	41e3c2d5c18d27c7a2803a57010bebcbb332e9bf5a658aaaa3631f6ce9612b6a	
UploadFiles/xwzx/2021/10/202110091517353201.JPG	UploadFiles/xwzx/2021/10/202110091517353201.JPG	13991113	9a63674a869384a752b0d0d9b531b4f580f51b5c8df7b725aae9792bd0c1581e	9a63674a869384a752b0d0d9b531b4f580f51b5c8df7b725aae9792bd0c1581e	
UploadFiles/xwzx/2021/10/202110091517457443.JPG	UploadFiles/xwzx/2021/10/202110091517457443.JPG	15924992	f6e990ed1232cd4c5e090e68c9138c0c0babe0b54cc91e494773496e35227ce3	f6e990ed1232cd4c5e090e68c9138c0c0babe0b54cc91e494773496e35227ce3	
UploadFiles/xwzx/2021/10/202110091517584049.JPG	UploadFiles/xwzx/2021/10/202110091517584049.JPG	17823413	a396f56773eb457b6f95a0083a2bc0d5e6343370156cf9632602c2e774a2e65b	a396f56773eb457b6f95a0083a2bc0d5e6343370156cf9632602c2e774a2e65b	
UploadFiles/xwzx/2021/10/202110091518133492.JPG	UploadFiles/xwzx/2021/10/202110091518133492.JPG	18713638	9aeca5b5debf1e1e3e6a740753425567b55af7e0de6584bcab394b57bc30129e	9aeca5b5debf1e1e3e6a740753425567b55af7e0de6584bcab394b57bc30129e	
UploadFiles/xwzx/2021/10/202110091518278527.JPG	UploadFiles/xwzx/2021/10/202110091518278527.JPG	17254083	808dfd084cf9f52a681c0caa18372d38c0b09071cab4b5fa9c1cb77573e5a64c	808dfd084cf9f52a681c0caa18372d38c0b09071cab4b5fa9c1cb77573e5a64c	
UploadFiles/xwzx/2021/10/202110091518416540.JPG	UploadFiles/xwzx/2021/10/202110091518416540.JPG	17115830	1f071bf636721faf6c962ef3119850b6f1fb13a97768113911e5514cfb0cca18	1f071bf636721faf6c962ef3119850b6f1fb13a97768113911e5514cfb0cca18	
UploadFiles/xwzx/2021/10/202110091518556553.JPG	UploadFiles/xwzx/2021/10/202110091518556553.JPG	15980340	f2cb86dc57beb4eff71123f669dde2f69b1c0eb48063966223c5d1aff0aba7e9	f2cb86dc57beb4eff71123f669dde2f69b1c0eb48063966223c5d1aff0aba7e9	
UploadFiles/xwzx/2021/10/202110091519075901.JPG	UploadFiles/xwzx/2021/10/202110091519075901.JPG	16478257	b22408696145ca16ad8f0cd9c8cc0a396458e51ab2b424e28f8106587222430a	b22408696145ca16ad8f0cd9c8cc0a396458e51ab2b424e28f8106587222430a	
UploadFiles/xwzx/2021/10/202110091519094286.JPG	UploadFiles/xwzx/2021/10/202110091519094286.JPG	15358974	54b24999de7bf60bb0fb63ea583e7a7d05c2f9dc81941ad0e582e7163e0d462d	54b24999de7bf60bb0fb63ea583e7a7d05c2f9dc81941ad0e582e7163e0d462d	
UploadFiles/xwzx/2021/10/202110091519105528.JPG	UploadFiles/xwzx/2021/10/202110091519105528.JPG	15419913	4bf5f6f5455e1f10911e4f110ef5120cba8bc05d4fd2ec3ed63bc55871274e50	4bf5f6f5455e1f10911e4f110ef5120cba8bc05d4fd2ec3ed63bc55871274e50	
UploadFiles/xwzx/2021/10/202110091519413730.JPG	UploadFiles/xwzx/2021/10/202110091519413730.JPG	17541134	413501f3c0da59f08fd898ba48af8002ff90cb4b21d232b799c4a3d6a7acf9d6	413501f3c0da59f08fd898ba48af8002ff90cb4b21d232b799c4a3d6a7acf9d6	
UploadFiles/xwzx/2021/10/202110091519474869.JPG	UploadFiles/xwzx/2021/10/202110091519474869.JPG	15520911	11de52d70c54d075fee3cd3efd281bbe0ac1139b035e148b2e863ac5b4eaa157	11de52d70c54d075fee3cd3efd281bbe0ac1139b035e148b2e863ac5b4eaa157	
UploadFiles/xwzx/2021/10/202110091519475112.JPG	UploadFiles/xwzx/2021/10/202110091519475112.JPG	16543215	f33cd704831f3ff3b84c23637592c1ee121e8cb6a13f34b696179581c29c1a59	f33cd704831f3ff3b84c23637592c1ee121e8cb6a13f34b696179581c29c1a59	
UploadFiles/xwzx/2021/10/202110091520034347.JPG	UploadFiles/xwzx/2021/10/202110091520034347.JPG	15379163	3a3068e9e330b50d16d29d52d867bea7a7f4d4f2fb2dd017bfd478c57b7d0fe3	3a3068e9e330b50d16d29d52d867bea7a7f4d4f2fb2dd017bfd478c57b7d0fe3	
UploadFiles/xwzx/2021/10/202110091520097951.JPG	UploadFiles/xwzx/2021/10/202110091520097951.JPG	15060613	8ca204931065f2ff5fa4384b67cdfdc7d9809946900ae28241c11adcd4de8a72	8ca204931065f2ff5fa4384b67cdfdc7d9809946900ae28241c11adcd4de8a72	
UploadFiles/xwzx/2021/10/202110091520178175.JPG	UploadFiles/xwzx/2021/10/202110091520178175.JPG	15637210	f74cf47bdabc13e9c41b0dc091bd2683c39aaef9538db7f34acb400e11073033	f74cf47bdabc13e9c41b0dc091bd2683c39aaef9538db7f34acb400e11073033	
UploadFiles/xwzx/2021/10/202110091520330351.JPG	UploadFiles/xwzx/2021/10/202110091520330351.JPG	15193889	a8ffb067d4954ee136711deb30862c1d246303bee344c289674fc0f96b7f8bf3	a8ffb067d4954ee136711deb30862c1d246303bee344c289674fc0f96b7f8bf3	
UploadFiles/xwzx/2021/10/202110091520345272.JPG	UploadFiles/xwzx/2021/10/202110091520345272.JPG	15052149	87b10bd6d6065159028f2e9ce61764792b76a40f22aaac2b391dda173b965f8b	87b10bd6d6065159028f2e9ce61764792b76a40f22aaac2b391dda173b965f8b	
UploadFiles/xwzx/2021/10/202110091521032438.JPG	UploadFiles/xwzx/2021/10/202110091521032438.JPG	16658052	8c0248c6f007c814fd3b18051b093ea29989dabfbeb35a83ecb4e259a2f91063	8c0248c6f007c814fd3b18051b093ea29989dabfbeb35a83ecb4e259a2f91063	
UploadFiles/xwzx/2021/10/202110091521202458.jpg	UploadFiles/xwzx/2021/10/202110091521202458.jpg	14367071	8e5a28537bdcf13adb1519be396a7743a6ffa3a24e8f3a96512f4b7029bfe8a9	8e5a28537bdcf13adb1519be396a7743a6ffa3a24e8f3a96512f4b7029bfe8a9	
UploadFiles/xwzx/2021/10/202110091521218673.JPG	UploadFiles/xwzx/2021/10/202110091521218673.JPG	16116689	cdec3d26644086296adca8b5537d4648bc9ffc1df18dd61addb2b4476829f6bc	cdec3d26644086296adca8b5537d4648bc9ffc1df18dd61addb2b4476829f6bc	
UploadFiles/xwzx/2021/10/202110091539138860.jpg	UploadFiles/xwzx/2021/10/202110091539138860.jpg	3118327	5a7f877468d9f446a85e1993f38fb7538e5ff9d0feba7d1f0eb450deeba3bf98	5a7f877468d9f446a85e1993f38fb7538e5ff9d0feba7d1f0eb450deeba3bf98	
UploadFiles/xwzx/2021/10/202110091540357185.jpg	UploadFiles/xwzx/2021/10/202110091540357185.jpg	1080734	7a28fdf7f09608f55b8d8aec96c19960d8ff7c030f9e6d746dd1045c512935f4	7a28fdf7f09608f55b8d8aec96c19960d8ff7c030f9e6d746dd1045c512935f4	
UploadFiles/xwzx/2021/10/202110091540360091.jpg	UploadFiles/xwzx/2021/10/202110091540360091.jpg	2116285	1d1fddc3c5b6651a848570f51b19ed08df96430561782064d033d1152055f6a5	1d1fddc3c5b6651a848570f51b19ed08df96430561782064d033d1152055f6a5	
UploadFiles/xwzx/2021/10/202110091540470891.jpg	UploadFiles/xwzx/2021/10/202110091540470891.jpg	5802667	e60350102d941243ab9458dfc9597eb573687724c28f269401609df652e98d2e	e60350102d941243ab9458dfc9597eb573687724c28f269401609df652e98d2e	
UploadFiles/xwzx/2021/10/202110091540472532.JPG	UploadFiles/xwzx/2021/10/202110091540472532.JPG	13408225	1c1dccfc474e735c56cd128b8da9bb289dd65fdb62ff3cd93642cba82477510a	1c1dccfc474e735c56cd128b8da9bb289dd65fdb62ff3cd93642cba82477510a	
UploadFiles/xwzx/2021/10/202110091540563890.JPG	UploadFiles/xwzx/2021/10/202110091540563890.JPG	14142473	d99b335891721c066a112fd67b0765a5590d0924068c5c379d5da253bc83496c	d99b335891721c066a112fd67b0765a5590d0924068c5c379d5da253bc83496c	
UploadFiles/xwzx/2021/10/202110091540580553.jpg	UploadFiles/xwzx/2021/10/202110091540580553.jpg	3838010	b9523c53d2b25601fb066a9bbbb584a849f63ca51558e9c0124be0acbee80325	b9523c53d2b25601fb066a9bbbb584a849f63ca51558e9c0124be0acbee80325	
UploadFiles/xwzx/2021/10/202110091541014722.jpg	UploadFiles/xwzx/2021/10/202110091541014722.jpg	3742573	31eed221aace1cb2e420e073b6a0e1aaa2af70a40fdaa19459a77040e6b957d6	31eed221aace1cb2e420e073b6a0e1aaa2af70a40fdaa19459a77040e6b957d6	
UploadFiles/xwzx/2021/10/202110091541034362.jpg	UploadFiles/xwzx/2021/10/202110091541034362.jpg	3317937	651ae41f6026516ff2701ce40c72b63f08c52c5f1b1f3cc144fcf1477252c29d	651ae41f6026516ff2701ce40c72b63f08c52c5f1b1f3cc144fcf1477252c29d	
UploadFiles/xwzx/2021/10/202110091541056534.jpg	UploadFiles/xwzx/2021/10/202110091541056534.jpg	3483657	ee1800081ee42a65166202156e9adcca93f9fbc8351322c4b3f1f509a415b33c	ee1800081ee42a65166202156e9adcca93f9fbc8351322c4b3f1f509a415b33c	
UploadFiles/xwzx/2021/10/202110091541083222.jpg	UploadFiles/xwzx/2021/10/202110091541083222.jpg	3150348	c3af094668ab9ae0c8c5f86939d7b28b383c4628e4bd14a4b4b593dc9fdc2890	c3af094668ab9ae0c8c5f86939d7b28b383c4628e4bd14a4b4b593dc9fdc2890	
UploadFiles/xwzx/2021/10/202110091541115283.jpg	UploadFiles/xwzx/2021/10/202110091541115283.jpg	5936310	6273016b070a15ff2c3844bc5149f15d1827308abfbc0a4b3f8b4fda992fe0d3	6273016b070a15ff2c3844bc5149f15d1827308abfbc0a4b3f8b4fda992fe0d3	
UploadFiles/xwzx/2021/10/202110091541134453.jpg	UploadFiles/xwzx/2021/10/202110091541134453.jpg	3472037	7a96661ca55ead534f3f757ebde0f788061f479d08935a3589a40cfc11083a78	7a96661ca55ead534f3f757ebde0f788061f479d08935a3589a40cfc11083a78	
UploadFiles/xwzx/2021/10/202110091541163500.jpg	UploadFiles/xwzx/2021/10/202110091541163500.jpg	5094799	bbe4de263fce3177b521cd9776880796235585884e24950097099c05ebe6e741	bbe4de263fce3177b521cd9776880796235585884e24950097099c05ebe6e741	
UploadFiles/xwzx/2021/10/202110091541248602.JPG	UploadFiles/xwzx/2021/10/202110091541248602.JPG	16133428	7912dfc0cbaeeb2456a93fcf51341f970869c6dc3e1502704a0d6fc178627f84	7912dfc0cbaeeb2456a93fcf51341f970869c6dc3e1502704a0d6fc178627f84	
UploadFiles/xwzx/2021/10/202110091541256503.JPG	UploadFiles/xwzx/2021/10/202110091541256503.JPG	13082592	661cf0dd23ad24c2c5e861016d28617c320c2cb1b021e04233531785a046e633	661cf0dd23ad24c2c5e861016d28617c320c2cb1b021e04233531785a046e633	
UploadFiles/xwzx/2021/10/202110091612008676.png	UploadFiles/xwzx/2021/10/202110091612008676.png	1539444	0f1cf7de2bdc2a15160415266261aad27ea06e7ae0219b88b74824dc8f0d0d09	0f1cf7de2bdc2a15160415266261aad27ea06e7ae0219b88b74824dc8f0d0d09	
UploadFiles/xwzx/2021/10/202110120849427657.JPG	UploadFiles/xwzx/2021/10/202110120849427657.JPG	6709143	f4429921586b56e43b4b4cf74bf16c70cba9187c7ba031d4004fb2849d2b2dc4	f4429921586b56e43b4b4cf74bf16c70cba9187c7ba031d4004fb2849d2b2dc4	
UploadFiles/xwzx/2021/10/202110120849473599.JPG	UploadFiles/xwzx/2021/10/202110120849473599.JPG	6583942	7cc1956593436b9db0a10bd99eb29ea18c55ae9c46b72f62d30196b4f302e39b	7cc1956593436b9db0a10bd99eb29ea18c55ae9c46b72f62d30196b4f302e39b	
UploadFiles/xwzx/2021/10/202110120849491831.JPG	UploadFiles/xwzx/2021/10/202110120849491831.JPG	5073145	10f6699cc79c3330fa0daf161c840dc5d464c854c6fff3d237fc3832eaf6586e	10f6699cc79c3330fa0daf161c840dc5d464c854c6fff3d237fc3832eaf6586e	
UploadFiles/xwzx/2021/10/202110120849496268.jpg	UploadFiles/xwzx/2021/10/202110120849496268.jpg	1141354	2e696a934941424d2e9c159459c4d6d67af97ce71f3d92b3de95f6ce891a19aa	2e696a934941424d2e9c159459c4d6d67af97ce71f3d92b3de95f6ce891a19aa	
UploadFiles/xwzx/2021/10/202110120849515495.JPG	UploadFiles/xwzx/2021/10/202110120849515495.JPG	5223702	f6198fcc5cb86d68e45359e16d00cf7a2f209c0f0652b4c8ef7be45aeba2bdc9	f6198fcc5cb86d68e45359e16d00cf7a2f209c0f0652b4c8ef7be45aeba2bdc9	
UploadFiles/xwzx/2021/10/202110130831316972.jpg	UploadFiles/xwzx/2021/10/202110130831316972.jpg	463085	4f0e09e6115e47d03e14d5254a9b9c316f93335d1cd3addc6177e0ee54fb7ab2	4f0e09e6115e47d03e14d5254a9b9c316f93335d1cd3addc6177e0ee54fb7ab2	
UploadFiles/xwzx/2021/10/202110130831342688.jpg	UploadFiles/xwzx/2021/10/202110130831342688.jpg	617296	31f46c103c36cb2989949ae4453bc15d1f720be2a2c7b6821f3bb4b2d6752a4e	31f46c103c36cb2989949ae4453bc15d1f720be2a2c7b6821f3bb4b2d6752a4e	
UploadFiles/xwzx/2021/10/202110130831375286.jpg	UploadFiles/xwzx/2021/10/202110130831375286.jpg	651895	dc275739a09e1aa6682f3957c454ee31d032fb60ff7e2d7027ae6f92d265387b	dc275739a09e1aa6682f3957c454ee31d032fb60ff7e2d7027ae6f92d265387b	
UploadFiles/xwzx/2021/10/202110130831416066.jpg	UploadFiles/xwzx/2021/10/202110130831416066.jpg	689539	3dfbe932e03dfcfde2bea82ae75351364459134f352f061c0b74eb24dc9c7b28	3dfbe932e03dfcfde2bea82ae75351364459134f352f061c0b74eb24dc9c7b28	
UploadFiles/xwzx/2021/10/202110130831571268.jpg	UploadFiles/xwzx/2021/10/202110130831571268.jpg	621184	164d61a0296aa2bf96a0b67eea858c73a8353e4964c0ba5525ea86883285b296	164d61a0296aa2bf96a0b67eea858c73a8353e4964c0ba5525ea86883285b296	
UploadFiles/xwzx/2021/10/202110130832035235.jpg	UploadFiles/xwzx/2021/10/202110130832035235.jpg	610329	ff871164d220347ab5446212adeb5c17a12f9830cccabd731b3139b5a7b83133	ff871164d220347ab5446212adeb5c17a12f9830cccabd731b3139b5a7b83133	
UploadFiles/xwzx/2021/10/202110130832070740.jpg	UploadFiles/xwzx/2021/10/202110130832070740.jpg	601054	45240c4576109d139b059a399b9442f3a270fbd19dcfed7ae15584521429b8ed	45240c4576109d139b059a399b9442f3a270fbd19dcfed7ae15584521429b8ed	
UploadFiles/xwzx/2021/10/202110130832117424.jpg	UploadFiles/xwzx/2021/10/202110130832117424.jpg	675273	273b356a534581bc39bf9f717615549019ec5da3635ce704fb74988233229df9	273b356a534581bc39bf9f717615549019ec5da3635ce704fb74988233229df9	
UploadFiles/xwzx/2021/10/202110130832148218.jpg	UploadFiles/xwzx/2021/10/202110130832148218.jpg	685282	489ea96fb10b35fc91da0a72d6d149a871ed776ce6f05de92bd99ecbb19e080d	489ea96fb10b35fc91da0a72d6d149a871ed776ce6f05de92bd99ecbb19e080d	
UploadFiles/xwzx/2021/10/202110130832184589.jpg	UploadFiles/xwzx/2021/10/202110130832184589.jpg	554112	9d68461b7ca2ba0d0ca21381902609838f54b16e1934fe8de340dab9d76527c5	9d68461b7ca2ba0d0ca21381902609838f54b16e1934fe8de340dab9d76527c5	
UploadFiles/xwzx/2021/10/202110130832224517.jpg	UploadFiles/xwzx/2021/10/202110130832224517.jpg	661918	d9ef97031e1556ac732128529233660bc257911a3e4a394ba87f2296db7faea4	d9ef97031e1556ac732128529233660bc257911a3e4a394ba87f2296db7faea4	
UploadFiles/xwzx/2021/10/202110130832267039.jpg	UploadFiles/xwzx/2021/10/202110130832267039.jpg	619753	f295f802216f284ed40564ed32c93bb748a58462ef516d365a2d27b8fd1b0dd2	f295f802216f284ed40564ed32c93bb748a58462ef516d365a2d27b8fd1b0dd2	
UploadFiles/xwzx/2021/10/202110130832308610.jpg	UploadFiles/xwzx/2021/10/202110130832308610.jpg	564443	314236a43438b929430246e5d44478b6cc2bdc87fba24bf54b9c9fe3b7da8f55	314236a43438b929430246e5d44478b6cc2bdc87fba24bf54b9c9fe3b7da8f55	
UploadFiles/xwzx/2021/10/202110130832346674.jpg	UploadFiles/xwzx/2021/10/202110130832346674.jpg	205679	8b2abd411df66e5a413df1b97fe30c976a82609ea72bedee112b452b43f2c4fb	8b2abd411df66e5a413df1b97fe30c976a82609ea72bedee112b452b43f2c4fb	
UploadFiles/xwzx/2021/10/202110130834406125.jpg	UploadFiles/xwzx/2021/10/202110130834406125.jpg	485959	cf4a4404f784ff6f4478cbe58a281fbc1e96c653e614e26d162410a843da6407	cf4a4404f784ff6f4478cbe58a281fbc1e96c653e614e26d162410a843da6407	
UploadFiles/xwzx/2021/10/202110130834431810.jpg	UploadFiles/xwzx/2021/10/202110130834431810.jpg	711314	48a4987cd30b80ed681e352a16f30c65deb1c15faf64df437cbb0e648b8cb022	48a4987cd30b80ed681e352a16f30c65deb1c15faf64df437cbb0e648b8cb022	
UploadFiles/xwzx/2021/10/202110130834480474.jpg	UploadFiles/xwzx/2021/10/202110130834480474.jpg	687614	c2346327bb82b705c1b99799157df9228259f6b7e759ead271b3cd709f5d2cee	c2346327bb82b705c1b99799157df9228259f6b7e759ead271b3cd709f5d2cee	
UploadFiles/xwzx/2021/10/202110130834529816.jpg	UploadFiles/xwzx/2021/10/202110130834529816.jpg	688438	8ad65cf6c49dac2ee342562b103e7a4dda34e84e867ae6719915c9f6ba9b6bd6	8ad65cf6c49dac2ee342562b103e7a4dda34e84e867ae6719915c9f6ba9b6bd6	
UploadFiles/xwzx/2021/10/202110130834563739.jpg	UploadFiles/xwzx/2021/10/202110130834563739.jpg	719629	622fc2c10dd787a33c1100b84098d1defdac4dfa267723298e4a94f6c37ab0a5	622fc2c10dd787a33c1100b84098d1defdac4dfa267723298e4a94f6c37ab0a5	
UploadFiles/xwzx/2021/10/202110130835000589.jpg	UploadFiles/xwzx/2021/10/202110130835000589.jpg	682865	bd9aedb9d41fd7905ef2f459509f23d996f074f53ca5f6b955a0557be574f70b	bd9aedb9d41fd7905ef2f459509f23d996f074f53ca5f6b955a0557be574f70b	
UploadFiles/xwzx/2021/10/202110130835044411.jpg	UploadFiles/xwzx/2021/10/202110130835044411.jpg	276222	89740c2069c6234b8d2b4e689134d1c6f08a4de631ea51fc8b630135ffe2e796	89740c2069c6234b8d2b4e689134d1c6f08a4de631ea51fc8b630135ffe2e796	
UploadFiles/xwzx/2021/10/202110150938032038.gif	UploadFiles/xwzx/2021/10/202110150938032038.gif	996	6a8c34408daee220b364f56261db307a68c0d8732f762bb90ddccb5482683677	6a8c34408daee220b364f56261db307a68c0d8732f762bb90ddccb5482683677	
UploadFiles/xwzx/2021/10/202110150938032915.gif	UploadFiles/xwzx/2021/10/202110150938032915.gif	1012	62c86a7776611273707faece405890b74a8c521b17a73e339875d8aa4f9ca361	62c86a7776611273707faece405890b74a8c521b17a73e339875d8aa4f9ca361	
UploadFiles/xwzx/2021/10/202110161049193238.png	UploadFiles/xwzx/2021/10/202110161049193238.png	38996	60439670d9c729fe77aa8b08390694e6fe2c22363c3f554d5713156a9edaf4f3	60439670d9c729fe77aa8b08390694e6fe2c22363c3f554d5713156a9edaf4f3	
UploadFiles/xwzx/2021/10/202110191629567215.JPG	UploadFiles/xwzx/2021/10/202110191629567215.JPG	16574142	10ccf19327e2dcb7eceb12a995be53d3c1c8ffd933a4c40d670d03fe00b1d989	10ccf19327e2dcb7eceb12a995be53d3c1c8ffd933a4c40d670d03fe00b1d989	
UploadFiles/xwzx/2021/10/202110191631333233.JPG	UploadFiles/xwzx/2021/10/202110191631333233.JPG	14778180	bff3ec0bf040fd128caf291dac0f3231e1495e8896825a09c0e7ff66238d90dd	bff3ec0bf040fd128caf291dac0f3231e1495e8896825a09c0e7ff66238d90dd	
UploadFiles/xwzx/2021/10/202110191631419065.JPG	UploadFiles/xwzx/2021/10/202110191631419065.JPG	16275846	882101d19095bdce3926d348a290f2f4cf59fcaa79092edc735f9768bef5a6a6	882101d19095bdce3926d348a290f2f4cf59fcaa79092edc735f9768bef5a6a6	
UploadFiles/xwzx/2021/10/202110191633336574.JPG	UploadFiles/xwzx/2021/10/202110191633336574.JPG	13331421	873093105c43a413cef487b5b4cb04043ef1cf69d19e3bfc0ebe7f7a359a22b0	873093105c43a413cef487b5b4cb04043ef1cf69d19e3bfc0ebe7f7a359a22b0	
UploadFiles/xwzx/2021/10/202110191633357579.JPG	UploadFiles/xwzx/2021/10/202110191633357579.JPG	11979004	65b91bd663d34d63f3c10f1fda8d41b4b29c09154a09a12fa6120fb45b6aebd3	65b91bd663d34d63f3c10f1fda8d41b4b29c09154a09a12fa6120fb45b6aebd3	
UploadFiles/xwzx/2021/10/202110191633398582.JPG	UploadFiles/xwzx/2021/10/202110191633398582.JPG	15297301	6ede29785e95a81c8c766e1546b9858715efd8f2820341e582c0ed72d6534777	6ede29785e95a81c8c766e1546b9858715efd8f2820341e582c0ed72d6534777	
UploadFiles/xwzx/2021/10/202110191634132624.JPG	UploadFiles/xwzx/2021/10/202110191634132624.JPG	16130273	ec05430030b4a727c1bc960d7711cfb7b836c5f1ab2deb0fb277c47f576e2837	ec05430030b4a727c1bc960d7711cfb7b836c5f1ab2deb0fb277c47f576e2837	
UploadFiles/xwzx/2021/10/202110191637005035.jpg	UploadFiles/xwzx/2021/10/202110191637005035.jpg	4675802	d9fa6930132d148197497bb055e98721f5722ab2a356db5928960e0529260fdc	d9fa6930132d148197497bb055e98721f5722ab2a356db5928960e0529260fdc	
UploadFiles/xwzx/2021/10/202110191637009521.jpg	UploadFiles/xwzx/2021/10/202110191637009521.jpg	4613824	7b687fec8eaa98ae63870ef9a47247fabcb9c5dbbd3f0d29b1a11346782d1dfd	7b687fec8eaa98ae63870ef9a47247fabcb9c5dbbd3f0d29b1a11346782d1dfd	
UploadFiles/xwzx/2021/10/202110191637014057.jpg	UploadFiles/xwzx/2021/10/202110191637014057.jpg	4684765	9b8c297fff43055e5ab4be4c454f959241b07c5ed875b8fa7680b0362d67dc01	9b8c297fff43055e5ab4be4c454f959241b07c5ed875b8fa7680b0362d67dc01	
UploadFiles/xwzx/2021/10/202110191637054920.jpg	UploadFiles/xwzx/2021/10/202110191637054920.jpg	4589305	292e71073e55ead819b15786c0de5081e945480c38d3c60c5b2c26aee89c57b9	292e71073e55ead819b15786c0de5081e945480c38d3c60c5b2c26aee89c57b9	
UploadFiles/xwzx/2021/10/202110191637087936.jpg	UploadFiles/xwzx/2021/10/202110191637087936.jpg	4612894	dd360df9b127f12f3c9434d9d455baf06c49972eb73636f165647bd02e7b273c	dd360df9b127f12f3c9434d9d455baf06c49972eb73636f165647bd02e7b273c	
UploadFiles/xwzx/2021/10/202110191637137439.jpg	UploadFiles/xwzx/2021/10/202110191637137439.jpg	4363984	dfbbfe41cc5b74cf7f11cc292000b0911d50391fafb3585ac73026d3af7c2728	dfbbfe41cc5b74cf7f11cc292000b0911d50391fafb3585ac73026d3af7c2728	
UploadFiles/xwzx/2021/10/202110191637149021.jpg	UploadFiles/xwzx/2021/10/202110191637149021.jpg	4602686	806d098d1c6a4bbb5a33ae83d45dd49e87bb2b7c566a9e6521c7d64ef9466885	806d098d1c6a4bbb5a33ae83d45dd49e87bb2b7c566a9e6521c7d64ef9466885	
UploadFiles/xwzx/2021/10/202110191637214926.jpg	UploadFiles/xwzx/2021/10/202110191637214926.jpg	4789509	a0240063b7e4dae53bf0549cab5e1d85c80135595ad270119ddc98735b6cb748	a0240063b7e4dae53bf0549cab5e1d85c80135595ad270119ddc98735b6cb748	
UploadFiles/xwzx/2021/10/202110191637220944.jpg	UploadFiles/xwzx/2021/10/202110191637220944.jpg	4791253	7591ceb31d1780870d576aa37ffa32dd8bfbf44f6f106e8250b71ff353b2b5ac	7591ceb31d1780870d576aa37ffa32dd8bfbf44f6f106e8250b71ff353b2b5ac	
UploadFiles/xwzx/2021/10/202110191637257505.jpg	UploadFiles/xwzx/2021/10/202110191637257505.jpg	3853204	d422eb4b782f4dc5bb3956a6706400bfa9781e6b2ae59ee96ff8cc41f485cf3d	d422eb4b782f4dc5bb3956a6706400bfa9781e6b2ae59ee96ff8cc41f485cf3d	
UploadFiles/xwzx/2021/10/202110191637272106.jpg	UploadFiles/xwzx/2021/10/202110191637272106.jpg	4652053	7a2e6768599650d0061120e576c4381eb1f644a264fb85b0a0ce9c8672fcdf99	7a2e6768599650d0061120e576c4381eb1f644a264fb85b0a0ce9c8672fcdf99	
UploadFiles/xwzx/2021/10/202110191638083743.jpg	UploadFiles/xwzx/2021/10/202110191638083743.jpg	3302485	a2458cc3578e905508ca4a6ae1349b7299add2599cd4a2c2045d83c66db8db3c	a2458cc3578e905508ca4a6ae1349b7299add2599cd4a2c2045d83c66db8db3c	
UploadFiles/xwzx/2021/10/202110191638089058.jpg	UploadFiles/xwzx/2021/10/202110191638089058.jpg	3154761	3f81be195c067a74eb0bd353c9790e6ec3747a669c85c9bab22de43ca182ff3d	3f81be195c067a74eb0bd353c9790e6ec3747a669c85c9bab22de43ca182ff3d	
UploadFiles/xwzx/2021/10/202110191638123664.jpg	UploadFiles/xwzx/2021/10/202110191638123664.jpg	3205872	5be8c5dec43f1cd7b6b7ecddd0045b00511d2cdb63b8a4a427fa3f187cbfeab9	5be8c5dec43f1cd7b6b7ecddd0045b00511d2cdb63b8a4a427fa3f187cbfeab9	
UploadFiles/xwzx/2021/10/202110191638132314.jpg	UploadFiles/xwzx/2021/10/202110191638132314.jpg	3449549	fb94e8eedd1b4d3a75707bd6335751961ed84c1dbe2dbf80ace23824bfeb7f28	fb94e8eedd1b4d3a75707bd6335751961ed84c1dbe2dbf80ace23824bfeb7f28	
UploadFiles/xwzx/2021/10/202110191638148115.jpg	UploadFiles/xwzx/2021/10/202110191638148115.jpg	3516988	f375bbc6b7e39857d78dd90b85164497d010519ca9cb69b59617c2992304f70b	f375bbc6b7e39857d78dd90b85164497d010519ca9cb69b59617c2992304f70b	
UploadFiles/xwzx/2021/10/202110191638218865.jpg	UploadFiles/xwzx/2021/10/202110191638218865.jpg	3321232	bbe021a36c5320b9f69d041ccbeff29fade9a53bb87b8d4cd2c49ebce8ca6b94	bbe021a36c5320b9f69d041ccbeff29fade9a53bb87b8d4cd2c49ebce8ca6b94	
UploadFiles/xwzx/2021/10/202110191638225832.jpg	UploadFiles/xwzx/2021/10/202110191638225832.jpg	3534293	4e00aee72818c1648df4a5251878d79bd2c110d2e128f0a7600f51a6670e1aec	4e00aee72818c1648df4a5251878d79bd2c110d2e128f0a7600f51a6670e1aec	
UploadFiles/xwzx/2021/10/202110191638229836.jpg	UploadFiles/xwzx/2021/10/202110191638229836.jpg	3848350	0d71c953cce5253b1501b9ff5fe0fa0a50557471a4bf21c521852c5cf9ffa0a7	0d71c953cce5253b1501b9ff5fe0fa0a50557471a4bf21c521852c5cf9ffa0a7	
UploadFiles/xwzx/2021/10/202110191638264698.jpg	UploadFiles/xwzx/2021/10/202110191638264698.jpg	4208290	9c41b53e6f8ea8de3d6b88492903e404fe64fade94d590421a5aebbcb02f589b	9c41b53e6f8ea8de3d6b88492903e404fe64fade94d590421a5aebbcb02f589b	
UploadFiles/xwzx/2021/10/202110191638295376.jpg	UploadFiles/xwzx/2021/10/202110191638295376.jpg	3653357	925038e5593a37a49b31b7d38c98fbbdfe01e3ea4141c416c212d2e14f7103e0	925038e5593a37a49b31b7d38c98fbbdfe01e3ea4141c416c212d2e14f7103e0	
UploadFiles/xwzx/2021/10/202110191638325934.jpg	UploadFiles/xwzx/2021/10/202110191638325934.jpg	3470627	df4242d3c11f98d9c35800e7c3bb39160037ecf51ea08a2c09c0e48e416ccc21	df4242d3c11f98d9c35800e7c3bb39160037ecf51ea08a2c09c0e48e416ccc21	
UploadFiles/xwzx/2021/10/202110191638332914.jpg	UploadFiles/xwzx/2021/10/202110191638332914.jpg	3612325	506be100c31da412bd0a5c0d2978bb76d4c7abd4865758af4a91e17f145bb6d8	506be100c31da412bd0a5c0d2978bb76d4c7abd4865758af4a91e17f145bb6d8	
UploadFiles/xwzx/2021/10/202110191638353560.jpg	UploadFiles/xwzx/2021/10/202110191638353560.jpg	3538124	afacf73a3dd91cc2955cd1a37b8c9c4d8e254bb53fbc4bdcfa1adfc28b8e2b39	afacf73a3dd91cc2955cd1a37b8c9c4d8e254bb53fbc4bdcfa1adfc28b8e2b39	
UploadFiles/xwzx/2021/10/202110191638399480.jpg	UploadFiles/xwzx/2021/10/202110191638399480.jpg	3510269	fe08f5e0e5de8816f49cbf138f48bb521a1a292ea9493354da4fe8df4b201fd2	fe08f5e0e5de8816f49cbf138f48bb521a1a292ea9493354da4fe8df4b201fd2	
UploadFiles/xwzx/2021/10/202110191638424925.jpg	UploadFiles/xwzx/2021/10/202110191638424925.jpg	3797951	6248d627bb35a100a39a895a5cca43cf4b9b3cea65e4cd913d715d5c870dd270	6248d627bb35a100a39a895a5cca43cf4b9b3cea65e4cd913d715d5c870dd270	
UploadFiles/xwzx/2021/10/202110191640442906.jpg	UploadFiles/xwzx/2021/10/202110191640442906.jpg	2279020	3869625f84cda3bfa68408dc6495e355a3e414897f151668815851121efd6581	3869625f84cda3bfa68408dc6495e355a3e414897f151668815851121efd6581	
UploadFiles/xwzx/2021/10/202110191640444135.jpg	UploadFiles/xwzx/2021/10/202110191640444135.jpg	1825074	8ac8290bd172742f6692a03b6dc0f8270bcf559a667e1c20ee05ab3823d3e204	8ac8290bd172742f6692a03b6dc0f8270bcf559a667e1c20ee05ab3823d3e204	
UploadFiles/xwzx/2021/10/202110191640463394.jpg	UploadFiles/xwzx/2021/10/202110191640463394.jpg	1915989	2f29632e073f74abc3eb2d4a28c584746869c4eab72f690f7e57d2fa8d2736c6	2f29632e073f74abc3eb2d4a28c584746869c4eab72f690f7e57d2fa8d2736c6	
UploadFiles/xwzx/2021/10/202110191640484409.jpg	UploadFiles/xwzx/2021/10/202110191640484409.jpg	2058751	4472fa10ab518ad160fca3b7656136dcdfe362fa9ecf503b43afaf29f245de72	4472fa10ab518ad160fca3b7656136dcdfe362fa9ecf503b43afaf29f245de72	
UploadFiles/xwzx/2021/10/202110191640555226.JPG	UploadFiles/xwzx/2021/10/202110191640555226.JPG	7446721	0a00c80958019091fde578ad91dac54e6fe2dda6143859fba5f238a5e0381957	0a00c80958019091fde578ad91dac54e6fe2dda6143859fba5f238a5e0381957	
UploadFiles/xwzx/2021/10/202110191640556983.jpg	UploadFiles/xwzx/2021/10/202110191640556983.jpg	1785334	ee6524ab941d4e9dc72eafe27d0359255a6a249aac7c9c6bbb1b6300e02ea798	ee6524ab941d4e9dc72eafe27d0359255a6a249aac7c9c6bbb1b6300e02ea798	
UploadFiles/xwzx/2021/10/202110191640591269.JPG	UploadFiles/xwzx/2021/10/202110191640591269.JPG	4104869	59388cbfd0c4145bb4088c2f16638c9389c27dddc67bbd54d1cee83e35f9124c	59388cbfd0c4145bb4088c2f16638c9389c27dddc67bbd54d1cee83e35f9124c	
UploadFiles/xwzx/2021/10/202110191641047845.JPG	UploadFiles/xwzx/2021/10/202110191641047845.JPG	6878598	84f8a690126fc03295e98a086721657f508b4f67c154f247f18c8391afa0280f	84f8a690126fc03295e98a086721657f508b4f67c154f247f18c8391afa0280f	
UploadFiles/xwzx/2021/10/202110191641051123.JPG	UploadFiles/xwzx/2021/10/202110191641051123.JPG	5693752	405fe8c5ed6ed1af16cc03e23e4b56cdb90568ed5e8b182f31b4023abe52bb32	405fe8c5ed6ed1af16cc03e23e4b56cdb90568ed5e8b182f31b4023abe52bb32	
UploadFiles/xwzx/2021/10/202110191641065712.jpg	UploadFiles/xwzx/2021/10/202110191641065712.jpg	95694	64472a35d1c7ca58bfd0e50d992f80ef7352fb03462089869f2027e83f4b7f05	64472a35d1c7ca58bfd0e50d992f80ef7352fb03462089869f2027e83f4b7f05	
UploadFiles/xwzx/2021/10/202110191641098500.JPG	UploadFiles/xwzx/2021/10/202110191641098500.JPG	6130939	38871341584d632c6b8a7a330466180bfaa82e03da38a8767cfd9e85bcf0f52a	38871341584d632c6b8a7a330466180bfaa82e03da38a8767cfd9e85bcf0f52a	
UploadFiles/xwzx/2021/10/202110191641135164.JPG	UploadFiles/xwzx/2021/10/202110191641135164.JPG	6577932	c3b42e6964d5ca0f405f699155b843f34afea589ba5d4acb18dea1adec9790dd	c3b42e6964d5ca0f405f699155b843f34afea589ba5d4acb18dea1adec9790dd	
UploadFiles/xwzx/2021/10/202110211523472826.gif	UploadFiles/xwzx/2021/10/202110211523472826.gif	1007	163cc66ea50ed88a0477749b55dbe6b10fd3d1d183af23c0081b1e74f0b4df48	163cc66ea50ed88a0477749b55dbe6b10fd3d1d183af23c0081b1e74f0b4df48	
UploadFiles/xwzx/2021/10/202110220825389199.gif	UploadFiles/xwzx/2021/10/202110220825389199.gif	1005	96ae963c64e3bf7edd26f5e8d131f80d1444536dc7c69b6164d23e4db16a20d3	96ae963c64e3bf7edd26f5e8d131f80d1444536dc7c69b6164d23e4db16a20d3	
UploadFiles/xwzx/2021/10/202110251542467481.jpg	UploadFiles/xwzx/2021/10/202110251542467481.jpg	71073	ab2cfcf0b977fa5d641b95f80d13c26be0633385b187a837826a758f76e12fab	ab2cfcf0b977fa5d641b95f80d13c26be0633385b187a837826a758f76e12fab	
UploadFiles/xwzx/2021/10/202110251542469519.jpg	UploadFiles/xwzx/2021/10/202110251542469519.jpg	36071	8c409825c461d6dbfbcc442c6a459fdd02b54505bf26bb99bcffea9e095c27d3	8c409825c461d6dbfbcc442c6a459fdd02b54505bf26bb99bcffea9e095c27d3	
UploadFiles/xwzx/2021/10/202110251542479359.jpg	UploadFiles/xwzx/2021/10/202110251542479359.jpg	1554078	393747d9b31f5add8a2de323d544abb96ec61f90f719114230350049aaceced2	393747d9b31f5add8a2de323d544abb96ec61f90f719114230350049aaceced2	
UploadFiles/xwzx/2021/10/202110251545080468.jpg	UploadFiles/xwzx/2021/10/202110251545080468.jpg	2685402	ace69627f71c8cffcff81bcde9702f39d34f1ddcbf73989ef25b675110cc996f	ace69627f71c8cffcff81bcde9702f39d34f1ddcbf73989ef25b675110cc996f	
UploadFiles/xwzx/2021/10/202110251545085340.jpg	UploadFiles/xwzx/2021/10/202110251545085340.jpg	2734506	d0bbafd6157651331e351b18a548b03610857f0a846198ff15aa63f43e8dcd8a	d0bbafd6157651331e351b18a548b03610857f0a846198ff15aa63f43e8dcd8a	
UploadFiles/xwzx/2021/10/202110251545088726.jpg	UploadFiles/xwzx/2021/10/202110251545088726.jpg	2947904	7684863710416fb989540e460736521b39b1c60a441e1a5583514e1acd2b7a2c	7684863710416fb989540e460736521b39b1c60a441e1a5583514e1acd2b7a2c	
UploadFiles/xwzx/2021/10/202110251545113553.jpg	UploadFiles/xwzx/2021/10/202110251545113553.jpg	2148165	9c4afa4f3e37c3a203b62475dc826b4de3682730cfa5e76288d4655823e14c09	9c4afa4f3e37c3a203b62475dc826b4de3682730cfa5e76288d4655823e14c09	
UploadFiles/xwzx/2021/10/202110251545121210.jpg	UploadFiles/xwzx/2021/10/202110251545121210.jpg	2338028	61bbb07dcaec296b864deca93ac387c823c35ed0ca6f5faec7b1deeb2a78b86e	61bbb07dcaec296b864deca93ac387c823c35ed0ca6f5faec7b1deeb2a78b86e	
UploadFiles/xwzx/2021/10/202110251545129037.jpg	UploadFiles/xwzx/2021/10/202110251545129037.jpg	2385868	2625103835f5eeb6a214b41fd81b56119afb374ae8ba0969c121348260abf549	2625103835f5eeb6a214b41fd81b56119afb374ae8ba0969c121348260abf549	
UploadFiles/xwzx/2021/10/202110251545181369.jpg	UploadFiles/xwzx/2021/10/202110251545181369.jpg	6928313	3e6658e25bd011a10d6d151ca63ac77b8b0800c044433c1a5daaf3fadfa0cc38	3e6658e25bd011a10d6d151ca63ac77b8b0800c044433c1a5daaf3fadfa0cc38	
UploadFiles/xwzx/2021/10/202110251545193574.jpg	UploadFiles/xwzx/2021/10/202110251545193574.jpg	7146180	ceccd7e0d319bdc51aee287098f939d735b3f11bc8522a89720e938371bc47df	ceccd7e0d319bdc51aee287098f939d735b3f11bc8522a89720e938371bc47df	
UploadFiles/xwzx/2021/10/202110251738516878.jpg	UploadFiles/xwzx/2021/10/202110251738516878.jpg	1299756	2bf4993e82edf3e50bedb67e25ea119c9f72cdd19f8ca7d9caa87c6d2448c676	2bf4993e82edf3e50bedb67e25ea119c9f72cdd19f8ca7d9caa87c6d2448c676	
UploadFiles/xwzx/2021/10/202110261656317405.jpg	UploadFiles/xwzx/2021/10/202110261656317405.jpg	314445	62fbb3a9212578e3392f98a8ee407e48f0901caea224420c4357f6eec12393a8	62fbb3a9212578e3392f98a8ee407e48f0901caea224420c4357f6eec12393a8	
UploadFiles/xwzx/2021/10/202110261656320407.jpg	UploadFiles/xwzx/2021/10/202110261656320407.jpg	191356	c3fa3ad979b14fab65fdb3e02560449452289f0f057135147c9c2ba0efa7d102	c3fa3ad979b14fab65fdb3e02560449452289f0f057135147c9c2ba0efa7d102	
UploadFiles/xwzx/2021/10/202110261656334242.jpg	UploadFiles/xwzx/2021/10/202110261656334242.jpg	255586	8e0199e5333df3cd4bbf77d207917460569db0d165e05ba50f71b4cb0223c1ae	8e0199e5333df3cd4bbf77d207917460569db0d165e05ba50f71b4cb0223c1ae	
UploadFiles/xwzx/2021/10/202110261656343142.jpg	UploadFiles/xwzx/2021/10/202110261656343142.jpg	292386	125530948ef2d090a0e0d9bbe92f141e2d3635bd5f491b4cc75a91b7ec9de831	125530948ef2d090a0e0d9bbe92f141e2d3635bd5f491b4cc75a91b7ec9de831	
UploadFiles/xwzx/2021/10/202110261656387877.jpg	UploadFiles/xwzx/2021/10/202110261656387877.jpg	7828953	34d8029a3e85f99df4ed5715eb809261751060107a6fe1dff4c993ef007926e4	34d8029a3e85f99df4ed5715eb809261751060107a6fe1dff4c993ef007926e4	
UploadFiles/xwzx/2021/10/202110261656388299.jpg	UploadFiles/xwzx/2021/10/202110261656388299.jpg	6258264	5131b7a1dce259f276e4afc1381a2849d824da0f4b769916b6f31e4dcbca3c92	5131b7a1dce259f276e4afc1381a2849d824da0f4b769916b6f31e4dcbca3c92	
UploadFiles/xwzx/2021/10/202110261656398436.jpg	UploadFiles/xwzx/2021/10/202110261656398436.jpg	2336906	f557a0986fc748d6285ddb4b6f4794ef97a0defecdb968125eb941205dee5426	f557a0986fc748d6285ddb4b6f4794ef97a0defecdb968125eb941205dee5426	
UploadFiles/xwzx/2021/10/202110271003022407.JPG	UploadFiles/xwzx/2021/10/202110271003022407.JPG	25482	6c42000576ad5adec25093cdfeee8f44bf8af9883e754fd9654c6ee1dd44e69c	6c42000576ad5adec25093cdfeee8f44bf8af9883e754fd9654c6ee1dd44e69c	
UploadFiles/xwzx/2021/10/202110271003340003.JPG	UploadFiles/xwzx/2021/10/202110271003340003.JPG	25482	6c42000576ad5adec25093cdfeee8f44bf8af9883e754fd9654c6ee1dd44e69c	6c42000576ad5adec25093cdfeee8f44bf8af9883e754fd9654c6ee1dd44e69c	
UploadFiles/xwzx/2021/10/202110271311468748.jpg	UploadFiles/xwzx/2021/10/202110271311468748.jpg	115120	e8bbe1c6ed67efa6227f2d494985573de5d6c5b0881b766ff1cf1984c10bcdcb	e8bbe1c6ed67efa6227f2d494985573de5d6c5b0881b766ff1cf1984c10bcdcb	
UploadFiles/xwzx/2021/10/202110271554415177.png	UploadFiles/xwzx/2021/10/202110271554415177.png	30117	4fbe26ab90e7f3180ce3ce9103b833bd66dd534cd313e3ddb56687b697ebb60a	4fbe26ab90e7f3180ce3ce9103b833bd66dd534cd313e3ddb56687b697ebb60a	
UploadFiles/xwzx/2021/10/202110271945385866.gif	UploadFiles/xwzx/2021/10/202110271945385866.gif	1005	96ae963c64e3bf7edd26f5e8d131f80d1444536dc7c69b6164d23e4db16a20d3	96ae963c64e3bf7edd26f5e8d131f80d1444536dc7c69b6164d23e4db16a20d3	
UploadFiles/xwzx/2021/10/202110290816360496.gif	UploadFiles/xwzx/2021/10/202110290816360496.gif	1005	96ae963c64e3bf7edd26f5e8d131f80d1444536dc7c69b6164d23e4db16a20d3	96ae963c64e3bf7edd26f5e8d131f80d1444536dc7c69b6164d23e4db16a20d3	
UploadFiles/xwzx/2021/10/202110291019092969.jpg	UploadFiles/xwzx/2021/10/202110291019092969.jpg	246076	ae0c10c979376fdad92f64db36af415e1e99121f6c85928c56ee66ed62fbe74f	ae0c10c979376fdad92f64db36af415e1e99121f6c85928c56ee66ed62fbe74f	
UploadFiles/xwzx/2021/10/202110291019137856.jpg	UploadFiles/xwzx/2021/10/202110291019137856.jpg	142206	b459ed7a4c9ebea174ec747ea8af7ea456df4697a3b5abb88c8b39d8cdbdf761	b459ed7a4c9ebea174ec747ea8af7ea456df4697a3b5abb88c8b39d8cdbdf761	
UploadFiles/xwzx/2021/10/202110291019170519.jpg	UploadFiles/xwzx/2021/10/202110291019170519.jpg	273592	52e3fd95e1f5ec827eea0bd450a5c2ec26ca372bf7761ded54f34cd9f130640d	52e3fd95e1f5ec827eea0bd450a5c2ec26ca372bf7761ded54f34cd9f130640d	
UploadFiles/xwzx/2021/10/202110291019225810.jpg	UploadFiles/xwzx/2021/10/202110291019225810.jpg	326579	746a7b57bffebe3405529648e8ffa3b1d32ca4997f61b9c0ed25b2780ca10556	746a7b57bffebe3405529648e8ffa3b1d32ca4997f61b9c0ed25b2780ca10556	
UploadFiles/xwzx/2021/10/202110291019259509.jpg	UploadFiles/xwzx/2021/10/202110291019259509.jpg	318789	ff6dabe4660da20982858d8c5f05c328cbe6a73b2e4586bccf9e75e4450a24e5	ff6dabe4660da20982858d8c5f05c328cbe6a73b2e4586bccf9e75e4450a24e5	
UploadFiles/xwzx/2021/10/202110291019291431.jpg	UploadFiles/xwzx/2021/10/202110291019291431.jpg	224928	86c4f16b3e8e2038e626ee0291f95d3f97a63afcaf26c996960ff7c6a694286f	86c4f16b3e8e2038e626ee0291f95d3f97a63afcaf26c996960ff7c6a694286f	
UploadFiles/xwzx/2021/10/202110291019356773.jpg	UploadFiles/xwzx/2021/10/202110291019356773.jpg	283556	5f3396cc51b9425814636310a2cb6420adf038f5fae69a298def6d3860d5c980	5f3396cc51b9425814636310a2cb6420adf038f5fae69a298def6d3860d5c980	
UploadFiles/xwzx/2021/10/202110291019461836.jpg	UploadFiles/xwzx/2021/10/202110291019461836.jpg	127527	7090f5b8b78d282d77cb76f72f03960a38667621a35de8598f90f6c820db609d	7090f5b8b78d282d77cb76f72f03960a38667621a35de8598f90f6c820db609d	
UploadFiles/xwzx/2021/10/202110291019529007.jpg	UploadFiles/xwzx/2021/10/202110291019529007.jpg	312664	c50014e3b249f780b378533a40341abacd911321622e5856b8fd6338a408371e	c50014e3b249f780b378533a40341abacd911321622e5856b8fd6338a408371e	
UploadFiles/xwzx/2021/10/202110291020011053.jpg	UploadFiles/xwzx/2021/10/202110291020011053.jpg	301215	e6b8dea640275931ebb75a00dd3cc35a8b25769cb58f21d13ca4a4421fb18e38	e6b8dea640275931ebb75a00dd3cc35a8b25769cb58f21d13ca4a4421fb18e38	
UploadFiles/xwzx/2021/10/202110291025312977.jpg	UploadFiles/xwzx/2021/10/202110291025312977.jpg	231135	55ee64af270b69412d38bf09295df1dfb33200a362124bd2f44054ca6be5f3f1	55ee64af270b69412d38bf09295df1dfb33200a362124bd2f44054ca6be5f3f1	
UploadFiles/xwzx/2021/10/202110291025342683.jpg	UploadFiles/xwzx/2021/10/202110291025342683.jpg	317755	6a08af4538da236a7de9b4a02a3cb28f8ea5cfcae5b9e81cbbbb1dd36de1412b	6a08af4538da236a7de9b4a02a3cb28f8ea5cfcae5b9e81cbbbb1dd36de1412b	
UploadFiles/xwzx/2021/10/202110291025378788.jpg	UploadFiles/xwzx/2021/10/202110291025378788.jpg	358921	eb357cf6fa9db9bdfcf335a75e3922213d84312c590fa61020ab500a5c4ceb00	eb357cf6fa9db9bdfcf335a75e3922213d84312c590fa61020ab500a5c4ceb00	
UploadFiles/xwzx/2021/10/202110291025415539.jpg	UploadFiles/xwzx/2021/10/202110291025415539.jpg	409686	79b8ad906d94f792d82ef00f4fb4a5d46621ecae13f961c117c6d9c93c0d8e8c	79b8ad906d94f792d82ef00f4fb4a5d46621ecae13f961c117c6d9c93c0d8e8c	
UploadFiles/xwzx/2021/10/202110291025450251.jpg	UploadFiles/xwzx/2021/10/202110291025450251.jpg	176746	0849fba33886e478eaca03a4a92d47653105c61de4635eaf40cf85109609d337	0849fba33886e478eaca03a4a92d47653105c61de4635eaf40cf85109609d337	
UploadFiles/xwzx/2021/10/202110291025491595.jpg	UploadFiles/xwzx/2021/10/202110291025491595.jpg	379987	ada851770d85b59f9b6431e5eb856ce5aa8ad4a65aa34f75259405733110c09a	ada851770d85b59f9b6431e5eb856ce5aa8ad4a65aa34f75259405733110c09a	
UploadFiles/xwzx/2021/10/202110291025527488.jpg	UploadFiles/xwzx/2021/10/202110291025527488.jpg	347145	dd003f9bf355c7b2a479f8e27a4711af7b7e641135d59fc0dac7b5a127f33195	dd003f9bf355c7b2a479f8e27a4711af7b7e641135d59fc0dac7b5a127f33195	
UploadFiles/xwzx/2021/10/202110291025559784.jpg	UploadFiles/xwzx/2021/10/202110291025559784.jpg	245963	a8ed875f00b2c874945d120b7e0ca049b6932587ac5b329c86180df977af524c	a8ed875f00b2c874945d120b7e0ca049b6932587ac5b329c86180df977af524c	
UploadFiles/xwzx/2021/10/202110291027490287.jpg	UploadFiles/xwzx/2021/10/202110291027490287.jpg	418016	547899f7c4678d0f9e8a6e6bc8959c3dbe7574c326d51f8b67571b016679ee16	547899f7c4678d0f9e8a6e6bc8959c3dbe7574c326d51f8b67571b016679ee16	
UploadFiles/xwzx/2021/10/202110291027530904.jpg	UploadFiles/xwzx/2021/10/202110291027530904.jpg	371167	d280fa82852d21c90dff7352caf908631185114c09ff8ec369b55f6de7690966	d280fa82852d21c90dff7352caf908631185114c09ff8ec369b55f6de7690966	
UploadFiles/xwzx/2021/10/202110291027569071.jpg	UploadFiles/xwzx/2021/10/202110291027569071.jpg	381940	63be9e6eb359beb0fa4a017e0f5c921fde249ceb2a5b8f5ca01b503a80bdb559	63be9e6eb359beb0fa4a017e0f5c921fde249ceb2a5b8f5ca01b503a80bdb559	
UploadFiles/xwzx/2021/10/202110291027591116.jpg	UploadFiles/xwzx/2021/10/202110291027591116.jpg	312232	8c3f70d8b4295de1fdc552f84eed987d435686b39e1ea4ac224c3e2b5b78e331	8c3f70d8b4295de1fdc552f84eed987d435686b39e1ea4ac224c3e2b5b78e331	
UploadFiles/xwzx/2021/10/202110291034347528.png	UploadFiles/xwzx/2021/10/202110291034347528.png	949896	62d9a87fdbc9cac05ead02a0e88a7478e1a7bfa8329365ff13fd0a18695fa7fc	62d9a87fdbc9cac05ead02a0e88a7478e1a7bfa8329365ff13fd0a18695fa7fc	
UploadFiles/xwzx/2021/10/202110291035494700.jpg	UploadFiles/xwzx/2021/10/202110291035494700.jpg	3016004	857b3adb86c8eabf9a9cfbbd57fbd35732c7736573bd2cf2479400022065454d	857b3adb86c8eabf9a9cfbbd57fbd35732c7736573bd2cf2479400022065454d	
UploadFiles/xwzx/2021/10/202110291035527150.jpg	UploadFiles/xwzx/2021/10/202110291035527150.jpg	3183783	6c51921b2573e588574733cce277cd5c7c2bb2663b1bc06bac24146f66babbb3	6c51921b2573e588574733cce277cd5c7c2bb2663b1bc06bac24146f66babbb3	
UploadFiles/xwzx/2021/10/202110291035539891.jpg	UploadFiles/xwzx/2021/10/202110291035539891.jpg	2563321	0b9d0e34b3d9209ddecad16ade2b53f47b92c04a7fc18266bbcb17566d77878d	0b9d0e34b3d9209ddecad16ade2b53f47b92c04a7fc18266bbcb17566d77878d	
UploadFiles/xwzx/2021/10/202110291035569457.jpg	UploadFiles/xwzx/2021/10/202110291035569457.jpg	3050972	86de91b2b4f0f73e4710ade33478d0d7d5f355ea9722de9de1ba51aa7b3fd099	86de91b2b4f0f73e4710ade33478d0d7d5f355ea9722de9de1ba51aa7b3fd099	
UploadFiles/xwzx/2021/10/202110291035598967.jpg	UploadFiles/xwzx/2021/10/202110291035598967.jpg	3096229	c9fc04e27ccfb5fcfe9bf3e44956568084e1df14e96490655efc93ec687c7908	c9fc04e27ccfb5fcfe9bf3e44956568084e1df14e96490655efc93ec687c7908	
UploadFiles/xwzx/2021/10/202110291036009804.jpg	UploadFiles/xwzx/2021/10/202110291036009804.jpg	1034172	a895d571ef721baffda0b4b72f47af53190deed8fffab63c5137e0aeb88d5240	a895d571ef721baffda0b4b72f47af53190deed8fffab63c5137e0aeb88d5240	
UploadFiles/xwzx/2021/10/202110291036028010.jpg	UploadFiles/xwzx/2021/10/202110291036028010.jpg	3856525	90db7747d7292be73719cfb6a166839f5fcca5ccab28b3f99e15f1e185640ed9	90db7747d7292be73719cfb6a166839f5fcca5ccab28b3f99e15f1e185640ed9	
UploadFiles/xwzx/2021/10/202110291036045142.jpg	UploadFiles/xwzx/2021/10/202110291036045142.jpg	2919726	be6fa6cb00fcde94308b7c85c1b7de840682f6a2c05e5b693db3fe2590d0f8a8	be6fa6cb00fcde94308b7c85c1b7de840682f6a2c05e5b693db3fe2590d0f8a8	
UploadFiles/xwzx/2021/10/202110291036075414.jpg	UploadFiles/xwzx/2021/10/202110291036075414.jpg	3467286	3bc48b042f028ef017f357256553c6c0adfdd37f58c59b577c8626341b623217	3bc48b042f028ef017f357256553c6c0adfdd37f58c59b577c8626341b623217	
UploadFiles/xwzx/2021/10/202110291036151063.JPG	UploadFiles/xwzx/2021/10/202110291036151063.JPG	16003532	9fe3185350ed7b5937c269c34add52966bdb920fcc87bdf7232970f8cf6484e8	9fe3185350ed7b5937c269c34add52966bdb920fcc87bdf7232970f8cf6484e8	
UploadFiles/xwzx/2021/10/202110291036175394.jpg	UploadFiles/xwzx/2021/10/202110291036175394.jpg	2842402	b99e699dfc063180dd8c045a699dacbf65b34e810f33461382dba9de000257f8	b99e699dfc063180dd8c045a699dacbf65b34e810f33461382dba9de000257f8	
UploadFiles/xwzx/2021/10/202110291036202684.jpg	UploadFiles/xwzx/2021/10/202110291036202684.jpg	3757858	8306ba0f276a2b4a81c657e83fe545b8676ea5c3e886094463c7445351c3cf81	8306ba0f276a2b4a81c657e83fe545b8676ea5c3e886094463c7445351c3cf81	
UploadFiles/xwzx/2021/10/202110291036256817.jpg	UploadFiles/xwzx/2021/10/202110291036256817.jpg	3933594	6144ce4db025dae96dd8e45d568345ea39a33fa915f6a8c5ae8defe1c5016079	6144ce4db025dae96dd8e45d568345ea39a33fa915f6a8c5ae8defe1c5016079	
UploadFiles/xwzx/2021/10/202110291036288485.jpg	UploadFiles/xwzx/2021/10/202110291036288485.jpg	3417151	00e0f0c93d5ced81374170303def168528394640aab956d7b7b5281e4ba95ebe	00e0f0c93d5ced81374170303def168528394640aab956d7b7b5281e4ba95ebe	
UploadFiles/xwzx/2021/10/202110291036307526.jpg	UploadFiles/xwzx/2021/10/202110291036307526.jpg	3328446	97d308d10235a472cef2f85cabd4bb9d3bdde8e006d1644c3c6d7b8b53917d47	97d308d10235a472cef2f85cabd4bb9d3bdde8e006d1644c3c6d7b8b53917d47	
UploadFiles/xwzx/2021/10/202110291036339548.jpg	UploadFiles/xwzx/2021/10/202110291036339548.jpg	3354070	9c88bf8451b98ad84a5df76cdbe2b2deb63abf4f9645e6c224cef1fb7414f415	9c88bf8451b98ad84a5df76cdbe2b2deb63abf4f9645e6c224cef1fb7414f415	
UploadFiles/xwzx/2021/10/202110291036353654.jpg	UploadFiles/xwzx/2021/10/202110291036353654.jpg	2966072	a982262e87515f7bf28944c147dc31b73edfb353a91f93ee7da6fc5ee8b4fa9f	a982262e87515f7bf28944c147dc31b73edfb353a91f93ee7da6fc5ee8b4fa9f	
UploadFiles/xwzx/2021/10/202110291036382057.jpg	UploadFiles/xwzx/2021/10/202110291036382057.jpg	3084181	0838ecb62fe488bee6141d5626dab5436a12eff6d69da00730b6b6e0e92d3a1b	0838ecb62fe488bee6141d5626dab5436a12eff6d69da00730b6b6e0e92d3a1b	
UploadFiles/xwzx/2021/10/202110291036393326.jpg	UploadFiles/xwzx/2021/10/202110291036393326.jpg	3581117	3000238c3dbb5ab9cbf7667f508c94e1d253162be602ce8e91fb12a2a80b30ba	3000238c3dbb5ab9cbf7667f508c94e1d253162be602ce8e91fb12a2a80b30ba	
UploadFiles/xwzx/2021/10/202110291036409521.jpg	UploadFiles/xwzx/2021/10/202110291036409521.jpg	3373234	cd81dc9e009e997757a9adfffb78cef474042385925a05cd3e19f2b39f58ced1	cd81dc9e009e997757a9adfffb78cef474042385925a05cd3e19f2b39f58ced1	
UploadFiles/xwzx/2021/10/202110291036452636.JPG	UploadFiles/xwzx/2021/10/202110291036452636.JPG	15037346	d5266a2a8a6993148e94d0c4b584ce049ddc5ae040eb9f1b36cb1f291c56e614	d5266a2a8a6993148e94d0c4b584ce049ddc5ae040eb9f1b36cb1f291c56e614	
UploadFiles/xwzx/2021/10/202110291041259630.jpg	UploadFiles/xwzx/2021/10/202110291041259630.jpg	156355	8fb1657f241912ae22e35d56ad4846caa56d00ff267b212d3313203895877f10	8fb1657f241912ae22e35d56ad4846caa56d00ff267b212d3313203895877f10	
UploadFiles/xwzx/2021/10/202110291041276675.jpg	UploadFiles/xwzx/2021/10/202110291041276675.jpg	454554	b6028e57e13fe4f238ef5eac48d5833b181a0f3cb965dd51fa5cbe10ac21fe3b	b6028e57e13fe4f238ef5eac48d5833b181a0f3cb965dd51fa5cbe10ac21fe3b	
UploadFiles/xwzx/2021/10/202110291041278015.jpg	UploadFiles/xwzx/2021/10/202110291041278015.jpg	790280	285532201e9da6e6a0a431af3774ea7b23a08ee0b71e8cac1036f8059e9625dc	285532201e9da6e6a0a431af3774ea7b23a08ee0b71e8cac1036f8059e9625dc	
UploadFiles/xwzx/2021/10/202110291041278039.jpg	UploadFiles/xwzx/2021/10/202110291041278039.jpg	378842	c95e3dd483adfda975beac689095c99d2532435a2b01546c7177681a87de6b10	c95e3dd483adfda975beac689095c99d2532435a2b01546c7177681a87de6b10	
UploadFiles/xwzx/2021/10/202110291041280425.jpg	UploadFiles/xwzx/2021/10/202110291041280425.jpg	157383	4c6ca6a98bdcd35b3c26ec47c8042e239b8b1fd7b9eaacfa7f2be36dee302a45	4c6ca6a98bdcd35b3c26ec47c8042e239b8b1fd7b9eaacfa7f2be36dee302a45	
UploadFiles/xwzx/2021/10/202110291041282435.jpg	UploadFiles/xwzx/2021/10/202110291041282435.jpg	1125242	eb35ada3b0ed40b718229b1541bbbbbee90f57279fa505183735eb58b6ee453e	eb35ada3b0ed40b718229b1541bbbbbee90f57279fa505183735eb58b6ee453e	
UploadFiles/xwzx/2021/10/202110291047452262.jpg	UploadFiles/xwzx/2021/10/202110291047452262.jpg	121945	c001a8dffa7dedfae9c8d75078dc9cb2841dec188f528761e8ad8f1f44b11ff9	c001a8dffa7dedfae9c8d75078dc9cb2841dec188f528761e8ad8f1f44b11ff9	
UploadFiles/xwzx/2021/10/202110291047460278.jpg	UploadFiles/xwzx/2021/10/202110291047460278.jpg	304917	ad3dc905848f749dcdcd23ad8f0403130d7958a66610e02311b5e404e0ddf496	ad3dc905848f749dcdcd23ad8f0403130d7958a66610e02311b5e404e0ddf496	
UploadFiles/xwzx/2021/10/202110291047461786.jpg	UploadFiles/xwzx/2021/10/202110291047461786.jpg	239864	2ba257f09e7a33aa6a090b5e819fd728036b5d1d83ed75f8fb9cd9a6243054c0	2ba257f09e7a33aa6a090b5e819fd728036b5d1d83ed75f8fb9cd9a6243054c0	
UploadFiles/xwzx/2021/10/202110291047462043.jpg	UploadFiles/xwzx/2021/10/202110291047462043.jpg	339457	d978a6f8a49484ceeb8c4073d345b0ff56dda2c557429f3ce622aaefcc751665	d978a6f8a49484ceeb8c4073d345b0ff56dda2c557429f3ce622aaefcc751665	
UploadFiles/xwzx/2021/10/202110291047463093.jpg	UploadFiles/xwzx/2021/10/202110291047463093.jpg	274956	e83a9712a07f79df4f0e2353643865ede7b639f0183d4ec8017848f63b3348df	e83a9712a07f79df4f0e2353643865ede7b639f0183d4ec8017848f63b3348df	
UploadFiles/xwzx/2021/10/202110291047463576.jpg	UploadFiles/xwzx/2021/10/202110291047463576.jpg	335402	988e7c092e25a2ecf9fc3db9ffd6b50763d29180a6a5b26f2ed7b2aef820f531	988e7c092e25a2ecf9fc3db9ffd6b50763d29180a6a5b26f2ed7b2aef820f531	
UploadFiles/xwzx/2021/10/202110291047473874.jpg	UploadFiles/xwzx/2021/10/202110291047473874.jpg	328268	6f8834a228e685d2106bd4b0501f71b96c45b1d16ba6590f4681c93404094cb5	6f8834a228e685d2106bd4b0501f71b96c45b1d16ba6590f4681c93404094cb5	
UploadFiles/xwzx/2021/10/202110291047474707.jpg	UploadFiles/xwzx/2021/10/202110291047474707.jpg	324049	1098da48dace72a9467c37f269a2f811b757046e0b74646cae6cbea7c139373f	1098da48dace72a9467c37f269a2f811b757046e0b74646cae6cbea7c139373f	
UploadFiles/xwzx/2021/10/202110291047474845.jpg	UploadFiles/xwzx/2021/10/202110291047474845.jpg	322125	bfa6ff3ffcbca046bbea1a538b5fbaba5b54644000042e38c3b6abdd943755bf	bfa6ff3ffcbca046bbea1a538b5fbaba5b54644000042e38c3b6abdd943755bf	
UploadFiles/xwzx/2021/10/202110291047475981.jpg	UploadFiles/xwzx/2021/10/202110291047475981.jpg	323083	838d5b385508157cd62aa66bc6859a3d133c464c010bcd4538179f2065ea8dc5	838d5b385508157cd62aa66bc6859a3d133c464c010bcd4538179f2065ea8dc5	
UploadFiles/xwzx/2021/10/202110291047479437.jpg	UploadFiles/xwzx/2021/10/202110291047479437.jpg	250616	c08a42cc004b017a95879d2652248a3bba600a66a289792fe8b5cf4cdc7e6431	c08a42cc004b017a95879d2652248a3bba600a66a289792fe8b5cf4cdc7e6431	
UploadFiles/xwzx/2021/10/202110291047482414.jpg	UploadFiles/xwzx/2021/10/202110291047482414.jpg	505439	1a775036a34ade7ddccf01e465fb2c71f9d3390aefd5d48a226263a9b7f0ef21	1a775036a34ade7ddccf01e465fb2c71f9d3390aefd5d48a226263a9b7f0ef21	
UploadFiles/xwzx/2021/11/202111010907173556.png	UploadFiles/xwzx/2021/11/202111010907173556.png	289924	1318268c02b235859707dd74db0e6d2513f9cbb92f4dba34dbb3406de245ad1c	1318268c02b235859707dd74db0e6d2513f9cbb92f4dba34dbb3406de245ad1c	
UploadFiles/xwzx/2021/11/202111010907499321.png	UploadFiles/xwzx/2021/11/202111010907499321.png	88582	f99858846c4bef1da47c5c23a80ef348892eacba15167483f06dd112fb118f19	f99858846c4bef1da47c5c23a80ef348892eacba15167483f06dd112fb118f19	
UploadFiles/xwzx/2021/11/202111010907595213.png	UploadFiles/xwzx/2021/11/202111010907595213.png	266019	fa05182623ffcff7fb5b435fd62781222fe5cdf8694e79ee896ee1022f970e77	fa05182623ffcff7fb5b435fd62781222fe5cdf8694e79ee896ee1022f970e77	
UploadFiles/xwzx/2021/11/202111030801020060.png	UploadFiles/xwzx/2021/11/202111030801020060.png	2003348	a52d69943df3ba0e5a15e3e1d855137dc0b9b997ff9cf89fee0445604019249a	a52d69943df3ba0e5a15e3e1d855137dc0b9b997ff9cf89fee0445604019249a	
UploadFiles/xwzx/2021/11/202111031045294180.gif	UploadFiles/xwzx/2021/11/202111031045294180.gif	1005	96ae963c64e3bf7edd26f5e8d131f80d1444536dc7c69b6164d23e4db16a20d3	96ae963c64e3bf7edd26f5e8d131f80d1444536dc7c69b6164d23e4db16a20d3	
UploadFiles/xwzx/2021/11/202111032108454991.gif	UploadFiles/xwzx/2021/11/202111032108454991.gif	1005	96ae963c64e3bf7edd26f5e8d131f80d1444536dc7c69b6164d23e4db16a20d3	96ae963c64e3bf7edd26f5e8d131f80d1444536dc7c69b6164d23e4db16a20d3	
UploadFiles/xwzx/2021/11/202111051626339333.JPG	UploadFiles/xwzx/2021/11/202111051626339333.JPG	18377139	bebf16b3099fc86a99eab8e24bf2d50cd73a101b1c535e4471542cae5f2de41d	bebf16b3099fc86a99eab8e24bf2d50cd73a101b1c535e4471542cae5f2de41d	
UploadFiles/xwzx/2021/11/202111051628151414.JPG	UploadFiles/xwzx/2021/11/202111051628151414.JPG	6888171	a4efe2b52a3b6406afc274ba91005934730464f2c9fa5b9bfc7e65fee6cacbe1	a4efe2b52a3b6406afc274ba91005934730464f2c9fa5b9bfc7e65fee6cacbe1	
UploadFiles/xwzx/2021/11/202111051628209198.JPG	UploadFiles/xwzx/2021/11/202111051628209198.JPG	5376860	e26a4d6169b59c767e96d955c87272a34bf0a380d8b83aa2f5ee05818436b597	e26a4d6169b59c767e96d955c87272a34bf0a380d8b83aa2f5ee05818436b597	
UploadFiles/xwzx/2021/11/202111051628209376.JPG	UploadFiles/xwzx/2021/11/202111051628209376.JPG	7357233	4025f7835f633be88ac71993f9658ae002e7a3a8b80c84f0a6b1f70129b9f4ea	4025f7835f633be88ac71993f9658ae002e7a3a8b80c84f0a6b1f70129b9f4ea	
UploadFiles/xwzx/2021/11/202111051628263381.JPG	UploadFiles/xwzx/2021/11/202111051628263381.JPG	6314021	d9c71339c5b7c2c4896ca8f62274dfba8354a02f9f4e7267054102fc185b28ee	d9c71339c5b7c2c4896ca8f62274dfba8354a02f9f4e7267054102fc185b28ee	
UploadFiles/xwzx/2021/11/202111051628274143.JPG	UploadFiles/xwzx/2021/11/202111051628274143.JPG	2425485	0de6cbdb0eea580e7e12115348b79ba2ec50dc130dc1438d5d115f25bd1745d2	0de6cbdb0eea580e7e12115348b79ba2ec50dc130dc1438d5d115f25bd1745d2	
UploadFiles/xwzx/2021/11/202111051628295769.jpg	UploadFiles/xwzx/2021/11/202111051628295769.jpg	4077793	a233157033f103c45fbf856e491d7b25b6583fdaef5e172151a85a0414e4afc2	a233157033f103c45fbf856e491d7b25b6583fdaef5e172151a85a0414e4afc2	
UploadFiles/xwzx/2021/11/202111051628296366.jpg	UploadFiles/xwzx/2021/11/202111051628296366.jpg	3931742	2543dccffa961ffe344a307b42779edfa1bc88fe494994f848758b345fce572f	2543dccffa961ffe344a307b42779edfa1bc88fe494994f848758b345fce572f	
UploadFiles/xwzx/2021/11/202111151307151885.png	UploadFiles/xwzx/2021/11/202111151307151885.png	1294555	e479b81b603c493cb95f6235ab603651cf5682d6e5f7dc4f4ec72f0254a8735d	e479b81b603c493cb95f6235ab603651cf5682d6e5f7dc4f4ec72f0254a8735d	
UploadFiles/xwzx/2021/11/202111151307515131.png	UploadFiles/xwzx/2021/11/202111151307515131.png	264157	908ec9dccb11d51cedc7f7a152174f4ccfd09b6b9cab08f7e38d2b9e29356bfd	908ec9dccb11d51cedc7f7a152174f4ccfd09b6b9cab08f7e38d2b9e29356bfd	
UploadFiles/xwzx/2021/11/202111151646149430.jpg	UploadFiles/xwzx/2021/11/202111151646149430.jpg	131131	f5270c3bbbd75cfc99aaa8d445344823d43b75a480a2b214d20a4d5cc6ec7ebe	f5270c3bbbd75cfc99aaa8d445344823d43b75a480a2b214d20a4d5cc6ec7ebe	
UploadFiles/xwzx/2021/11/202111151646149443.JPG	UploadFiles/xwzx/2021/11/202111151646149443.JPG	5655778	20009811f3dde415c7bdfddf89d5ec6c4072db70831bfb8bb46aa06a7f70d3ed	20009811f3dde415c7bdfddf89d5ec6c4072db70831bfb8bb46aa06a7f70d3ed	
UploadFiles/xwzx/2021/11/202111151650000685.jpg	UploadFiles/xwzx/2021/11/202111151650000685.jpg	146759	c2edfd076df5f44fd0245fad9a8812024521da6eaad7c1d14507d74325c6bf8d	c2edfd076df5f44fd0245fad9a8812024521da6eaad7c1d14507d74325c6bf8d	
UploadFiles/xwzx/2021/11/202111151650001376.jpg	UploadFiles/xwzx/2021/11/202111151650001376.jpg	129417	6be46893dba16a8872860471312f8e7976eedaf1816e2e671d379681a9ab1c17	6be46893dba16a8872860471312f8e7976eedaf1816e2e671d379681a9ab1c17	
UploadFiles/xwzx/2021/11/202111151650002265.jpg	UploadFiles/xwzx/2021/11/202111151650002265.jpg	131172	195f7da0efc01f869098b2719abca40681bcc88305fdd954bfe451fc3b2ce465	195f7da0efc01f869098b2719abca40681bcc88305fdd954bfe451fc3b2ce465	
UploadFiles/xwzx/2021/11/202111151650005620.jpg	UploadFiles/xwzx/2021/11/202111151650005620.jpg	151639	e02399ed7f9cb5e48abcbe006576775b2b7f15c9455d91958138e42b83f1f7f5	e02399ed7f9cb5e48abcbe006576775b2b7f15c9455d91958138e42b83f1f7f5	
UploadFiles/xwzx/2021/11/202111151651356770.jpg	UploadFiles/xwzx/2021/11/202111151651356770.jpg	161665	ace366cba5b15ff5905a7a2859d636f8eec3d0cf893f611e15cde2c952c0e635	ace366cba5b15ff5905a7a2859d636f8eec3d0cf893f611e15cde2c952c0e635	
UploadFiles/xwzx/2021/11/202111151651403087.JPG	UploadFiles/xwzx/2021/11/202111151651403087.JPG	5332378	9710859f1a61db7dcf7321cceaa5246dc90c801ff83a0956c873b26d8d55c8b5	9710859f1a61db7dcf7321cceaa5246dc90c801ff83a0956c873b26d8d55c8b5	
UploadFiles/xwzx/2021/11/202111151651493228.JPG	UploadFiles/xwzx/2021/11/202111151651493228.JPG	12076544	4aaf9d398092935751b6b4bbc6d479fd9e6fdd35397af1dc2cedc91a607bdf9c	4aaf9d398092935751b6b4bbc6d479fd9e6fdd35397af1dc2cedc91a607bdf9c	
UploadFiles/xwzx/2021/11/202111151651558397.JPG	UploadFiles/xwzx/2021/11/202111151651558397.JPG	9528898	cd9c1393b5cee1dafa8a86f9746f1056662c12a573cf53aeab1b3158185caa95	cd9c1393b5cee1dafa8a86f9746f1056662c12a573cf53aeab1b3158185caa95	
UploadFiles/xwzx/2021/11/202111151652023546.JPG	UploadFiles/xwzx/2021/11/202111151652023546.JPG	10448206	77ec8a83936fe413168c273d7e1e91c6fdddd8efe65aaa51ad6941c10967b5bf	77ec8a83936fe413168c273d7e1e91c6fdddd8efe65aaa51ad6941c10967b5bf	
UploadFiles/xwzx/2021/11/202111151652071033.JPG	UploadFiles/xwzx/2021/11/202111151652071033.JPG	4642440	a86118e98ae9ba5699bfac4038378efc4b0c53a71ace263084546482a30adf10	a86118e98ae9ba5699bfac4038378efc4b0c53a71ace263084546482a30adf10	
UploadFiles/xwzx/2021/11/202111151652072908.jpg	UploadFiles/xwzx/2021/11/202111151652072908.jpg	9189351	7dfe6d4d679b002edf07852a2c55e18adfc1cf6fded7deb83983160ce11c2445	7dfe6d4d679b002edf07852a2c55e18adfc1cf6fded7deb83983160ce11c2445	
UploadFiles/xwzx/2021/11/202111151652087275.JPG	UploadFiles/xwzx/2021/11/202111151652087275.JPG	5012713	7f2a97954fc1ec0f17289268ef0f4b1817f0da4107ede69199f617b221ff2f85	7f2a97954fc1ec0f17289268ef0f4b1817f0da4107ede69199f617b221ff2f85	
UploadFiles/xwzx/2021/11/202111161434254435.gif	UploadFiles/xwzx/2021/11/202111161434254435.gif	1012	62c86a7776611273707faece405890b74a8c521b17a73e339875d8aa4f9ca361	62c86a7776611273707faece405890b74a8c521b17a73e339875d8aa4f9ca361	
UploadFiles/xwzx/2021/11/202111170906574615.png	UploadFiles/xwzx/2021/11/202111170906574615.png	20296	f6e7da6afa5d895c4a0a6ebd5cd1e0580b09eabff2d86cb7c011970ef3ca38c2	f6e7da6afa5d895c4a0a6ebd5cd1e0580b09eabff2d86cb7c011970ef3ca38c2	
UploadFiles/xwzx/2021/11/202111171306403430.jpg	UploadFiles/xwzx/2021/11/202111171306403430.jpg	107489	be3f8d15b48bb604884bb11ee62f73c61aadbb8afa26c7acda7631ff6a836b6d	be3f8d15b48bb604884bb11ee62f73c61aadbb8afa26c7acda7631ff6a836b6d	
UploadFiles/xwzx/2021/11/202111171306405744.jpg	UploadFiles/xwzx/2021/11/202111171306405744.jpg	99025	cc9409c931178788fd63a2757e24c64d90d951929cdf3760a1116375e38bc179	cc9409c931178788fd63a2757e24c64d90d951929cdf3760a1116375e38bc179	
UploadFiles/xwzx/2021/11/202111171306409111.jpg	UploadFiles/xwzx/2021/11/202111171306409111.jpg	135597	a9aa20e3e674bdd4706f74696d900254ce4501d4dd6a2c2d5579252ad795cf76	a9aa20e3e674bdd4706f74696d900254ce4501d4dd6a2c2d5579252ad795cf76	
UploadFiles/xwzx/2021/11/202111171306409965.jpg	UploadFiles/xwzx/2021/11/202111171306409965.jpg	63533	bce3dc61704dbc5531ce8e29a02ac3619e0ec86d692574935dbcca719d028609	bce3dc61704dbc5531ce8e29a02ac3619e0ec86d692574935dbcca719d028609	
UploadFiles/xwzx/2021/11/202111231755507025.jpg	UploadFiles/xwzx/2021/11/202111231755507025.jpg	115849	a8cd9adf0018544f8288f1bba7050716e226d203c2eb09d515d56b6d9c4ef2f5	a8cd9adf0018544f8288f1bba7050716e226d203c2eb09d515d56b6d9c4ef2f5	
UploadFiles/xwzx/2021/11/202111241331171443.jpg	UploadFiles/xwzx/2021/11/202111241331171443.jpg	218566	f35f4a5b233e755e26713d3aeef0a7a0ef9252a876fb0b6d19e77f7937a2264a	f35f4a5b233e755e26713d3aeef0a7a0ef9252a876fb0b6d19e77f7937a2264a	
UploadFiles/xwzx/2021/11/202111241618500762.jpg	UploadFiles/xwzx/2021/11/202111241618500762.jpg	294120	ec01cc2d59d82733c4546029496019b22a11a321aaa73a0c9f1404ac7c638a5c	ec01cc2d59d82733c4546029496019b22a11a321aaa73a0c9f1404ac7c638a5c	
UploadFiles/xwzx/2021/11/202111250808207668.gif	UploadFiles/xwzx/2021/11/202111250808207668.gif	1005	96ae963c64e3bf7edd26f5e8d131f80d1444536dc7c69b6164d23e4db16a20d3	96ae963c64e3bf7edd26f5e8d131f80d1444536dc7c69b6164d23e4db16a20d3	
UploadFiles/xwzx/2021/11/202111250902242143.png	UploadFiles/xwzx/2021/11/202111250902242143.png	42402	2b608ab28d57dad60575e33f32cb1f46b8ebb32361fbd6085539746719a4f146	2b608ab28d57dad60575e33f32cb1f46b8ebb32361fbd6085539746719a4f146	
UploadFiles/xwzx/2021/11/202111261028186146.jpg	UploadFiles/xwzx/2021/11/202111261028186146.jpg	72039	9310c67e64227f411d59a383652eb3cb47bbd029df2213705d91668fdb8185c0	9310c67e64227f411d59a383652eb3cb47bbd029df2213705d91668fdb8185c0	
UploadFiles/xwzx/2021/11/202111261028378281.jpg	UploadFiles/xwzx/2021/11/202111261028378281.jpg	96681	e1b591bda9ca6aba7a63c1f75c70bd07f1eef40f787bfe8e1b800a5d817b4f39	e1b591bda9ca6aba7a63c1f75c70bd07f1eef40f787bfe8e1b800a5d817b4f39	
UploadFiles/xwzx/2021/11/202111261029039245.jpg	UploadFiles/xwzx/2021/11/202111261029039245.jpg	485273	eec6ac81a4b07fbaa0344eac8bf6ba73134a1f9049c16055bb580268c9dcd723	eec6ac81a4b07fbaa0344eac8bf6ba73134a1f9049c16055bb580268c9dcd723	
UploadFiles/xwzx/2021/11/202111261030220298.jpg	UploadFiles/xwzx/2021/11/202111261030220298.jpg	59317	eecc2c6c6221641bb8f8e1ed601fa9b949e0bcefada8b78c0aa51ece6317a470	eecc2c6c6221641bb8f8e1ed601fa9b949e0bcefada8b78c0aa51ece6317a470	
UploadFiles/xwzx/2021/11/202111261030221193.jpg	UploadFiles/xwzx/2021/11/202111261030221193.jpg	71596	a0ce259dc8eae9a8aed0e07e7afabf55371160e7f93c03259b8537918c50fa35	a0ce259dc8eae9a8aed0e07e7afabf55371160e7f93c03259b8537918c50fa35	
UploadFiles/xwzx/2021/11/202111261030221585.jpg	UploadFiles/xwzx/2021/11/202111261030221585.jpg	62569	53898fd52e5802673e69aa20e845548f2a113385cf48d88492392e4b024d65ec	53898fd52e5802673e69aa20e845548f2a113385cf48d88492392e4b024d65ec	
UploadFiles/xwzx/2021/11/202111261030221901.jpg	UploadFiles/xwzx/2021/11/202111261030221901.jpg	73694	2174ee5892b82f75006c4625f8034dcf17934f3763fba4ed7da394de66aa38e1	2174ee5892b82f75006c4625f8034dcf17934f3763fba4ed7da394de66aa38e1	
UploadFiles/xwzx/2021/11/202111261030222432.jpg	UploadFiles/xwzx/2021/11/202111261030222432.jpg	15899	24aee4e1bbf6a1fbd6737d22ecd6c851e3df3f00e6ff3e5e3cd9ebfe8544a906	24aee4e1bbf6a1fbd6737d22ecd6c851e3df3f00e6ff3e5e3cd9ebfe8544a906	
UploadFiles/xwzx/2021/11/202111261030222695.JPG	UploadFiles/xwzx/2021/11/202111261030222695.JPG	93407	f858c943c6ab3b0e876fd93c0284e7f0ebd6550842f325f048405297cb44cba0	f858c943c6ab3b0e876fd93c0284e7f0ebd6550842f325f048405297cb44cba0	
UploadFiles/xwzx/2021/11/202111261030223293.jpg	UploadFiles/xwzx/2021/11/202111261030223293.jpg	50049	4393a23853dd3795f43801e298fe89d9671d76366046a6ac1f17b9590b8f5659	4393a23853dd3795f43801e298fe89d9671d76366046a6ac1f17b9590b8f5659	
UploadFiles/xwzx/2021/11/202111261030224467.jpg	UploadFiles/xwzx/2021/11/202111261030224467.jpg	36585	c28028970a922b30a321dc826813482d83db187c9d68ddf3918e9acc6243fb4e	c28028970a922b30a321dc826813482d83db187c9d68ddf3918e9acc6243fb4e	
UploadFiles/xwzx/2021/11/202111261030224648.JPG	UploadFiles/xwzx/2021/11/202111261030224648.JPG	83570	cd1fbf3314e5bc15ef49f3d69bf8100dcb208d620b5be4224c9a0715d4fc75ba	cd1fbf3314e5bc15ef49f3d69bf8100dcb208d620b5be4224c9a0715d4fc75ba	
UploadFiles/xwzx/2021/11/202111261030225139.jpg	UploadFiles/xwzx/2021/11/202111261030225139.jpg	55486	5ca2d0d83b27fbfc0c43721aba5e98c915ee449d2cdf7c15ab1544548222591b	5ca2d0d83b27fbfc0c43721aba5e98c915ee449d2cdf7c15ab1544548222591b	
UploadFiles/xwzx/2021/11/202111261030226583.jpg	UploadFiles/xwzx/2021/11/202111261030226583.jpg	38501	39f0e3788b2882bc16b17b33b3f78f85b99a33147a519341ffed8d39f1fae41e	39f0e3788b2882bc16b17b33b3f78f85b99a33147a519341ffed8d39f1fae41e	
UploadFiles/xwzx/2021/11/202111261030228259.jpg	UploadFiles/xwzx/2021/11/202111261030228259.jpg	71716	b07796c7093404382ff0ce3ddc1e4eb3bc0a9a8e57a919fb4d1d8e15286fcf70	b07796c7093404382ff0ce3ddc1e4eb3bc0a9a8e57a919fb4d1d8e15286fcf70	
UploadFiles/xwzx/2021/11/202111261030229111.JPG	UploadFiles/xwzx/2021/11/202111261030229111.JPG	36646	e23ea109dc4e50d7aac4654e447be7a109744811c75bd13a91328ae9c73de4d0	e23ea109dc4e50d7aac4654e447be7a109744811c75bd13a91328ae9c73de4d0	
UploadFiles/xwzx/2021/11/202111261030238246.PNG	UploadFiles/xwzx/2021/11/202111261030238246.PNG	288255	e8ae4973a83591b4087aba0fb6827d8a07110737a33c3b6feb5b813ff765d4d5	e8ae4973a83591b4087aba0fb6827d8a07110737a33c3b6feb5b813ff765d4d5	
UploadFiles/xwzx/2021/11/202111261430303996.jpg	UploadFiles/xwzx/2021/11/202111261430303996.jpg	53918	88e7b283e14d49e8172148826fdac02f3552a23aeac9538ab8e328c28ccf6e11	88e7b283e14d49e8172148826fdac02f3552a23aeac9538ab8e328c28ccf6e11	
UploadFiles/xwzx/2021/11/202111271633055786.jpg	UploadFiles/xwzx/2021/11/202111271633055786.jpg	439593	f831afb55cbc463d8aeb5ce2464cc3a58d2d42370419502bd2b355b9b501c1e9	f831afb55cbc463d8aeb5ce2464cc3a58d2d42370419502bd2b355b9b501c1e9	
UploadFiles/xwzx/2021/11/202111271634229151.jpg	UploadFiles/xwzx/2021/11/202111271634229151.jpg	412162	91170dd393e056b3946652aa85bf0036c36ce15c6992e08b56685a8d1a53785d	91170dd393e056b3946652aa85bf0036c36ce15c6992e08b56685a8d1a53785d	
UploadFiles/xwzx/2021/11/202111291359003714.jpg	UploadFiles/xwzx/2021/11/202111291359003714.jpg	265834	6160f471a7a616716a6765b7fdebc19d611be92ca8bee88996c53f2bb84e86dd	6160f471a7a616716a6765b7fdebc19d611be92ca8bee88996c53f2bb84e86dd	
UploadFiles/xwzx/2021/12/202112010917073129.jpg	UploadFiles/xwzx/2021/12/202112010917073129.jpg	3966611	f687e6943f837749f138747869ea89a4807797804e7dc923aae34c21373659cf	f687e6943f837749f138747869ea89a4807797804e7dc923aae34c21373659cf	
UploadFiles/xwzx/2021/12/202112011111470854.gif	UploadFiles/xwzx/2021/12/202112011111470854.gif	1005	96ae963c64e3bf7edd26f5e8d131f80d1444536dc7c69b6164d23e4db16a20d3	96ae963c64e3bf7edd26f5e8d131f80d1444536dc7c69b6164d23e4db16a20d3	
UploadFiles/xwzx/2021/12/202112031503391699.gif	UploadFiles/xwzx/2021/12/202112031503391699.gif	1005	96ae963c64e3bf7edd26f5e8d131f80d1444536dc7c69b6164d23e4db16a20d3	96ae963c64e3bf7edd26f5e8d131f80d1444536dc7c69b6164d23e4db16a20d3	
UploadFiles/xwzx/2021/12/202112031506028773.gif	UploadFiles/xwzx/2021/12/202112031506028773.gif	1005	96ae963c64e3bf7edd26f5e8d131f80d1444536dc7c69b6164d23e4db16a20d3	96ae963c64e3bf7edd26f5e8d131f80d1444536dc7c69b6164d23e4db16a20d3	
UploadFiles/xwzx/2021/12/202112031752309947.jpg	UploadFiles/xwzx/2021/12/202112031752309947.jpg	128522	23b9ce1c864ba929854f72850bf1121a6c50ae7546efbea712ac0be81707b0ba	23b9ce1c864ba929854f72850bf1121a6c50ae7546efbea712ac0be81707b0ba	
UploadFiles/xwzx/2021/12/202112061347223209.png	UploadFiles/xwzx/2021/12/202112061347223209.png	30768	1bda44672e6f7f9cc2f9857318f1f4ab58fa19095579435b4315e839fb033650	1bda44672e6f7f9cc2f9857318f1f4ab58fa19095579435b4315e839fb033650	
UploadFiles/xwzx/2021/12/202112070812365193.gif	UploadFiles/xwzx/2021/12/202112070812365193.gif	1005	96ae963c64e3bf7edd26f5e8d131f80d1444536dc7c69b6164d23e4db16a20d3	96ae963c64e3bf7edd26f5e8d131f80d1444536dc7c69b6164d23e4db16a20d3	
UploadFiles/xwzx/2021/12/202112070852232910.png	UploadFiles/xwzx/2021/12/202112070852232910.png	18152	b15dfd3f01037de13c2aef3bae84de64884dc12fdaf90187ef7b0bdd08d02659	b15dfd3f01037de13c2aef3bae84de64884dc12fdaf90187ef7b0bdd08d02659	
UploadFiles/xwzx/2021/12/202112070904089979.jpg	UploadFiles/xwzx/2021/12/202112070904089979.jpg	63539	113fe90aeba07e2d94eb2cb538fe84dcb58aed2e19da0d0a430a40ee9585feed	113fe90aeba07e2d94eb2cb538fe84dcb58aed2e19da0d0a430a40ee9585feed	
UploadFiles/xwzx/2021/12/202112071006493081.jpg	UploadFiles/xwzx/2021/12/202112071006493081.jpg	257020	0be8b1a4215da358c5c0fc516bb64ec066022c8ea26a421d6f5dd561e42f5616	0be8b1a4215da358c5c0fc516bb64ec066022c8ea26a421d6f5dd561e42f5616	
UploadFiles/xwzx/2021/12/202112071006495368.jpg	UploadFiles/xwzx/2021/12/202112071006495368.jpg	273522	efbbb4dbcbd490d9aaef212f988ea6c8e3af710b74c9b846eea4da39dc363baf	efbbb4dbcbd490d9aaef212f988ea6c8e3af710b74c9b846eea4da39dc363baf	
UploadFiles/xwzx/2021/12/202112080949581616.gif	UploadFiles/xwzx/2021/12/202112080949581616.gif	1012	62c86a7776611273707faece405890b74a8c521b17a73e339875d8aa4f9ca361	62c86a7776611273707faece405890b74a8c521b17a73e339875d8aa4f9ca361	
UploadFiles/xwzx/2021/12/202112081210290235.png	UploadFiles/xwzx/2021/12/202112081210290235.png	56460	4135d8efb3de7196a21a5663f84f9f40d7b2b832de020ca026b30bc28fd1406a	4135d8efb3de7196a21a5663f84f9f40d7b2b832de020ca026b30bc28fd1406a	
UploadFiles/xwzx/2021/12/202112081416023549.gif	UploadFiles/xwzx/2021/12/202112081416023549.gif	1012	62c86a7776611273707faece405890b74a8c521b17a73e339875d8aa4f9ca361	62c86a7776611273707faece405890b74a8c521b17a73e339875d8aa4f9ca361	
UploadFiles/xwzx/2021/12/202112091018326710.JPG	UploadFiles/xwzx/2021/12/202112091018326710.JPG	3583862	ea502381f6c3164811c1976ba0231f7a795559be1936c7c900a88ea4a50cd0c0	ea502381f6c3164811c1976ba0231f7a795559be1936c7c900a88ea4a50cd0c0	
UploadFiles/xwzx/2021/12/202112091019501873.jpg	UploadFiles/xwzx/2021/12/202112091019501873.jpg	280190	c8299a0cc3572b7889aade502931650ff2b5bf96372ac713b26c6b59c2bd8ab4	c8299a0cc3572b7889aade502931650ff2b5bf96372ac713b26c6b59c2bd8ab4	
UploadFiles/xwzx/2021/12/202112091019503350.jpg	UploadFiles/xwzx/2021/12/202112091019503350.jpg	295958	e569342324ce51a623cad380b7297b9512143374960787ceee807a8d7622dfbb	e569342324ce51a623cad380b7297b9512143374960787ceee807a8d7622dfbb	
UploadFiles/xwzx/2021/12/202112091019506946.jpg	UploadFiles/xwzx/2021/12/202112091019506946.jpg	246740	5bd03dc12b572b0b8f0de3a73d9bb95879a9df4fb2ee6a519917c1183e595c20	5bd03dc12b572b0b8f0de3a73d9bb95879a9df4fb2ee6a519917c1183e595c20	
UploadFiles/xwzx/2021/12/202112091019510676.jpg	UploadFiles/xwzx/2021/12/202112091019510676.jpg	211481	289bdfa98739360e660a56989edb9df8f0443a9bc55fe7593065b038cf646142	289bdfa98739360e660a56989edb9df8f0443a9bc55fe7593065b038cf646142	
UploadFiles/xwzx/2021/12/202112091019510980.jpg	UploadFiles/xwzx/2021/12/202112091019510980.jpg	320863	df3c8289a45ed05476dc2e8e10a17402fc21544880e6de48d2943b23fc8cbb53	df3c8289a45ed05476dc2e8e10a17402fc21544880e6de48d2943b23fc8cbb53	
UploadFiles/xwzx/2021/12/202112091019511019.jpg	UploadFiles/xwzx/2021/12/202112091019511019.jpg	304287	e79234318080b8a1181e26daa52b80f0db205e2e120bba28d2c8e5abccc8cf44	e79234318080b8a1181e26daa52b80f0db205e2e120bba28d2c8e5abccc8cf44	
UploadFiles/xwzx/2021/12/202112091019512334.jpg	UploadFiles/xwzx/2021/12/202112091019512334.jpg	194393	673207b297028c9447960a99a2830f15208d8e77e501ebff15d091f2a7d94a8d	673207b297028c9447960a99a2830f15208d8e77e501ebff15d091f2a7d94a8d	
UploadFiles/xwzx/2021/12/202112091019514482.jpg	UploadFiles/xwzx/2021/12/202112091019514482.jpg	225524	8f0d0e1bcbec755c473e6b05485b191268a85534b86f14ca4655bd68135b299e	8f0d0e1bcbec755c473e6b05485b191268a85534b86f14ca4655bd68135b299e	
UploadFiles/xwzx/2021/12/202112091019517297.jpg	UploadFiles/xwzx/2021/12/202112091019517297.jpg	167516	e5e83ab722c3024eb60f40c7526e594d6487a9a09358edfd7c61cc242f91af94	e5e83ab722c3024eb60f40c7526e594d6487a9a09358edfd7c61cc242f91af94	
UploadFiles/xwzx/2021/12/202112091019517656.jpg	UploadFiles/xwzx/2021/12/202112091019517656.jpg	157085	67761d3c6b434cc78005b6f7ee58287a34678532ca7a78a8ecd7ad1b232713cd	67761d3c6b434cc78005b6f7ee58287a34678532ca7a78a8ecd7ad1b232713cd	
UploadFiles/xwzx/2021/12/202112091019520537.jpg	UploadFiles/xwzx/2021/12/202112091019520537.jpg	167786	243e6c013c5173a5aed8de139965ea21512a0eaeb7717ff4d5b2d8839374ef27	243e6c013c5173a5aed8de139965ea21512a0eaeb7717ff4d5b2d8839374ef27	
UploadFiles/xwzx/2021/12/202112091019520749.jpg	UploadFiles/xwzx/2021/12/202112091019520749.jpg	113249	5bd84bd5c1d3b1ffc3af275fbd36969611b97bda0d0d36d5faf2679a89b61afe	5bd84bd5c1d3b1ffc3af275fbd36969611b97bda0d0d36d5faf2679a89b61afe	
UploadFiles/xwzx/2021/12/202112091019520853.jpg	UploadFiles/xwzx/2021/12/202112091019520853.jpg	162223	a3af40d12cd50c46622ec10871f3c444ceed92b3efd5f6f6d01b5ba2484ba206	a3af40d12cd50c46622ec10871f3c444ceed92b3efd5f6f6d01b5ba2484ba206	
UploadFiles/xwzx/2021/12/202112091019521648.jpg	UploadFiles/xwzx/2021/12/202112091019521648.jpg	165360	23917f067318174a08ca1916fedd3c9b32599779abbcede6de2f3f78bd638b83	23917f067318174a08ca1916fedd3c9b32599779abbcede6de2f3f78bd638b83	
UploadFiles/xwzx/2021/12/202112091019526891.jpg	UploadFiles/xwzx/2021/12/202112091019526891.jpg	164320	ca8f968b367795f9ffa5bebbec10bfa966a33deab432b98cdafd00d2aabb9526	ca8f968b367795f9ffa5bebbec10bfa966a33deab432b98cdafd00d2aabb9526	
UploadFiles/xwzx/2021/12/202112091019528980.jpg	UploadFiles/xwzx/2021/12/202112091019528980.jpg	140643	2fa84602202dcec26d0151c1acf7fa538ef6cc53d44a9f8ae40a18a480ba92d2	2fa84602202dcec26d0151c1acf7fa538ef6cc53d44a9f8ae40a18a480ba92d2	
UploadFiles/xwzx/2021/12/202112091019530246.jpg	UploadFiles/xwzx/2021/12/202112091019530246.jpg	164865	623d24efac0dc3ed8b212650b2625e888c5df3e820d6dbf104e834ef5de55584	623d24efac0dc3ed8b212650b2625e888c5df3e820d6dbf104e834ef5de55584	
UploadFiles/xwzx/2021/12/202112091019531245.jpg	UploadFiles/xwzx/2021/12/202112091019531245.jpg	269365	95169cf130c5b053b146a68aa99aae06cb1cde330bd4e99066a5a9173a248a3b	95169cf130c5b053b146a68aa99aae06cb1cde330bd4e99066a5a9173a248a3b	
UploadFiles/xwzx/2021/12/202112091019536396.jpg	UploadFiles/xwzx/2021/12/202112091019536396.jpg	239131	6fdf4fe7119b609527cf1e84d0e53da04c2994a044e9b2d065e8026307791db0	6fdf4fe7119b609527cf1e84d0e53da04c2994a044e9b2d065e8026307791db0	
UploadFiles/xwzx/2021/12/202112091019536438.jpg	UploadFiles/xwzx/2021/12/202112091019536438.jpg	651926	84e2ddd231bb1d837cab08d67754a0132cabc66e84c093d35f87c69248ea4be8	84e2ddd231bb1d837cab08d67754a0132cabc66e84c093d35f87c69248ea4be8	
UploadFiles/xwzx/2021/12/202112091019536968.jpg	UploadFiles/xwzx/2021/12/202112091019536968.jpg	260720	8de60712a1c8bcc51bcf2b94a7652433b8ee6e0db2889acd7d7374833e30f922	8de60712a1c8bcc51bcf2b94a7652433b8ee6e0db2889acd7d7374833e30f922	
UploadFiles/xwzx/2021/12/202112091019540667.jpg	UploadFiles/xwzx/2021/12/202112091019540667.jpg	189935	94d20e67061af36fe69fa1b28285e9e8ce4b7a0ead64116bba2002ce0af4575b	94d20e67061af36fe69fa1b28285e9e8ce4b7a0ead64116bba2002ce0af4575b	
UploadFiles/xwzx/2021/12/202112091019540826.jpg	UploadFiles/xwzx/2021/12/202112091019540826.jpg	197514	f74d44ad89bd8b90c47bdadf94ddf2de877ba03245260ff9998d7819f538b9e1	f74d44ad89bd8b90c47bdadf94ddf2de877ba03245260ff9998d7819f538b9e1	
UploadFiles/xwzx/2021/12/202112091019593802.jpg	UploadFiles/xwzx/2021/12/202112091019593802.jpg	6997314	9a44620bab8ec2b1af855627215ecd4be369482294c1dafe8f7ff965fca82601	9a44620bab8ec2b1af855627215ecd4be369482294c1dafe8f7ff965fca82601	
UploadFiles/xwzx/2021/12/202112091021271826.jpg	UploadFiles/xwzx/2021/12/202112091021271826.jpg	110990	a5f6b65d98086cd18eb5b95d35a81a8c3556fdc9c830280bf256b2d33599127c	a5f6b65d98086cd18eb5b95d35a81a8c3556fdc9c830280bf256b2d33599127c	
UploadFiles/xwzx/2021/12/202112091021274620.jpg	UploadFiles/xwzx/2021/12/202112091021274620.jpg	196916	c7503e0f7b5c31b5763c0aa0645fcb0aad0a8571a6df6f1e0e3a801f3937a316	c7503e0f7b5c31b5763c0aa0645fcb0aad0a8571a6df6f1e0e3a801f3937a316	
UploadFiles/xwzx/2021/12/202112091021279329.jpg	UploadFiles/xwzx/2021/12/202112091021279329.jpg	138530	91f090455a2d43f182c60fba0205de045601a89ec3ef89b968043dd13c2e493e	91f090455a2d43f182c60fba0205de045601a89ec3ef89b968043dd13c2e493e	
UploadFiles/xwzx/2021/12/202112091021279455.jpg	UploadFiles/xwzx/2021/12/202112091021279455.jpg	128415	b4757c2fa2268c43683b62732972369a039c992849ab8e0cff6d2515ec82c290	b4757c2fa2268c43683b62732972369a039c992849ab8e0cff6d2515ec82c290	
UploadFiles/xwzx/2021/12/202112091024410224.jpg	UploadFiles/xwzx/2021/12/202112091024410224.jpg	103628	74703cdac62851d415516029ef6ae397468b1b1aab34d31bd12341226cb2a07f	74703cdac62851d415516029ef6ae397468b1b1aab34d31bd12341226cb2a07f	
UploadFiles/xwzx/2021/12/202112091024416275.jpg	UploadFiles/xwzx/2021/12/202112091024416275.jpg	99707	94505fffda32e21d1ef2f4332a59add8bdcdcb9deeaa0bca5615f77558224665	94505fffda32e21d1ef2f4332a59add8bdcdcb9deeaa0bca5615f77558224665	
UploadFiles/xwzx/2021/12/202112091024419547.jpg	UploadFiles/xwzx/2021/12/202112091024419547.jpg	105320	099c74a606c5c185e0a6122afcc538198c5a1a20c4197bf09323ba6a23b4bb76	099c74a606c5c185e0a6122afcc538198c5a1a20c4197bf09323ba6a23b4bb76	
UploadFiles/xwzx/2021/12/202112091024420021.jpg	UploadFiles/xwzx/2021/12/202112091024420021.jpg	807169	6c1920d74090f91549ac1858633b9a3422bb66095af6f2b5de5439567157a281	6c1920d74090f91549ac1858633b9a3422bb66095af6f2b5de5439567157a281	
UploadFiles/xwzx/2021/12/202112091024434636.jpg	UploadFiles/xwzx/2021/12/202112091024434636.jpg	1540818	d7d85ef26c29c4fa8648fa6163af3c4c7515ec811574e162330cd0061504658d	d7d85ef26c29c4fa8648fa6163af3c4c7515ec811574e162330cd0061504658d	
UploadFiles/xwzx/2021/12/202112091024442093.jpg	UploadFiles/xwzx/2021/12/202112091024442093.jpg	2382206	eb7049e3430b97f52a13d2ba62f54c0a038d558a14a5f7e9aa7794814be0d07f	eb7049e3430b97f52a13d2ba62f54c0a038d558a14a5f7e9aa7794814be0d07f	
UploadFiles/xwzx/2021/12/202112091027042288.jpg	UploadFiles/xwzx/2021/12/202112091027042288.jpg	2253478	eafb97982ed5d3e24a53bfffa8c2af81d8ab9cfe8bd58c53245bc54d22b05895	eafb97982ed5d3e24a53bfffa8c2af81d8ab9cfe8bd58c53245bc54d22b05895	
UploadFiles/xwzx/2021/12/202112091027051405.JPG	UploadFiles/xwzx/2021/12/202112091027051405.JPG	3138678	549617516a73f9c9fb6dc9521bcc8db35192394e0edb997fe7a8ab26726caf3b	549617516a73f9c9fb6dc9521bcc8db35192394e0edb997fe7a8ab26726caf3b	
UploadFiles/xwzx/2021/12/202112091027075859.JPG	UploadFiles/xwzx/2021/12/202112091027075859.JPG	2328491	4765d905ef9fd327adfe045f9fa26522f268e6763fa0151a279c90705de291c3	4765d905ef9fd327adfe045f9fa26522f268e6763fa0151a279c90705de291c3	
UploadFiles/xwzx/2021/12/202112091027118636.JPG	UploadFiles/xwzx/2021/12/202112091027118636.JPG	3012480	094fcc2fcff1dd54aaab1a3dbed74f97900bde623bb6558948f58cd26cf95da2	094fcc2fcff1dd54aaab1a3dbed74f97900bde623bb6558948f58cd26cf95da2	
UploadFiles/xwzx/2021/12/202112091027240757.JPG	UploadFiles/xwzx/2021/12/202112091027240757.JPG	15005789	ce3821b9a5d4ab7f02fb636e4a7167b6c00a7e2e95ffa76049e70677862182bd	ce3821b9a5d4ab7f02fb636e4a7167b6c00a7e2e95ffa76049e70677862182bd	
UploadFiles/xwzx/2021/12/202112091039460997.png	UploadFiles/xwzx/2021/12/202112091039460997.png	54558	29b52e0d214eaa4c980218814260c1c197dd3c1b9925cd82aa85a7294ce89d6c	29b52e0d214eaa4c980218814260c1c197dd3c1b9925cd82aa85a7294ce89d6c	
UploadFiles/xwzx/2021/12/202112091042020259.gif	UploadFiles/xwzx/2021/12/202112091042020259.gif	1012	62c86a7776611273707faece405890b74a8c521b17a73e339875d8aa4f9ca361	62c86a7776611273707faece405890b74a8c521b17a73e339875d8aa4f9ca361	
UploadFiles/xwzx/2021/12/202112091244220243.png	UploadFiles/xwzx/2021/12/202112091244220243.png	14189	62ca27524fdead5af2c14824a4e27837fc2887bae878fbe9bc7355bb6591a71f	62ca27524fdead5af2c14824a4e27837fc2887bae878fbe9bc7355bb6591a71f	
UploadFiles/xwzx/2021/12/202112101321268273.png	UploadFiles/xwzx/2021/12/202112101321268273.png	55157	af21f10fd96386c57d454066a8f504d1cd072eb224639778a90fa1044d3f4975	af21f10fd96386c57d454066a8f504d1cd072eb224639778a90fa1044d3f4975	
UploadFiles/xwzx/2021/12/202112111127462661.Jpeg	UploadFiles/xwzx/2021/12/202112111127462661.Jpeg	122475	3f5d70106f40e2e75e5481846ba88e9c0a1f2755aad31b629706628d2521f90d	3f5d70106f40e2e75e5481846ba88e9c0a1f2755aad31b629706628d2521f90d	
UploadFiles/xwzx/2021/12/202112151031296046.png	UploadFiles/xwzx/2021/12/202112151031296046.png	12725	d3aeefe67b6bed68e13d103ccbb880f850a2bc5568f54ea8098e04d2a4ceb2a7	d3aeefe67b6bed68e13d103ccbb880f850a2bc5568f54ea8098e04d2a4ceb2a7	
UploadFiles/xwzx/2021/12/202112151032120561.png	UploadFiles/xwzx/2021/12/202112151032120561.png	5289	723e541a41ccaa29e20c111467ba20eb8e14ab85a861732d93d23d2597e5d827	723e541a41ccaa29e20c111467ba20eb8e14ab85a861732d93d23d2597e5d827	
UploadFiles/xwzx/2021/12/202112151134191649.gif	UploadFiles/xwzx/2021/12/202112151134191649.gif	1005	96ae963c64e3bf7edd26f5e8d131f80d1444536dc7c69b6164d23e4db16a20d3	96ae963c64e3bf7edd26f5e8d131f80d1444536dc7c69b6164d23e4db16a20d3	
UploadFiles/xwzx/2021/12/202112151134191921.gif	UploadFiles/xwzx/2021/12/202112151134191921.gif	1012	62c86a7776611273707faece405890b74a8c521b17a73e339875d8aa4f9ca361	62c86a7776611273707faece405890b74a8c521b17a73e339875d8aa4f9ca361	
UploadFiles/xwzx/2021/12/202112151249328592.png	UploadFiles/xwzx/2021/12/202112151249328592.png	51174	b92f59a2c7942047fca59558fa7b81bcada388c4c145c552e022244498d5173d	b92f59a2c7942047fca59558fa7b81bcada388c4c145c552e022244498d5173d	
UploadFiles/xwzx/2021/12/202112151251111826.png	UploadFiles/xwzx/2021/12/202112151251111826.png	11728	c764a8e881467aef4e973a93473efc7901f1a2af78e50b8c1070e6d3c65e33ca	c764a8e881467aef4e973a93473efc7901f1a2af78e50b8c1070e6d3c65e33ca	
UploadFiles/xwzx/2021/12/202112151630284989.gif	UploadFiles/xwzx/2021/12/202112151630284989.gif	1007	163cc66ea50ed88a0477749b55dbe6b10fd3d1d183af23c0081b1e74f0b4df48	163cc66ea50ed88a0477749b55dbe6b10fd3d1d183af23c0081b1e74f0b4df48	
UploadFiles/xwzx/2021/12/202112161613510383.png	UploadFiles/xwzx/2021/12/202112161613510383.png	44398	7c5220d5b6b72dc136fc81b7df11e8a6de7e706fb5d151d77c33037b9092d3a2	7c5220d5b6b72dc136fc81b7df11e8a6de7e706fb5d151d77c33037b9092d3a2	
UploadFiles/xwzx/2021/12/202112161633591055.gif	UploadFiles/xwzx/2021/12/202112161633591055.gif	1012	62c86a7776611273707faece405890b74a8c521b17a73e339875d8aa4f9ca361	62c86a7776611273707faece405890b74a8c521b17a73e339875d8aa4f9ca361	
UploadFiles/xwzx/2021/12/202112171553309805.JPG	UploadFiles/xwzx/2021/12/202112171553309805.JPG	230739	a8ba9d653beb0ce5ef23ce10415beec42e7660d0087de81887f55bd7f0763b47	a8ba9d653beb0ce5ef23ce10415beec42e7660d0087de81887f55bd7f0763b47	
UploadFiles/xwzx/2021/12/202112171553324582.jpg	UploadFiles/xwzx/2021/12/202112171553324582.jpg	127403	0a45e45cd0b6cb5a844db0d8cd424a9e20da0202c0f397528711476ada7f7b68	0a45e45cd0b6cb5a844db0d8cd424a9e20da0202c0f397528711476ada7f7b68	
UploadFiles/xwzx/2021/12/202112171558003151.jpg	UploadFiles/xwzx/2021/12/202112171558003151.jpg	2579330	2af493b524411eb255c26f8b8e5fd48d6a13b20710b6bf4085c0fb9013f645a8	2af493b524411eb255c26f8b8e5fd48d6a13b20710b6bf4085c0fb9013f645a8	
UploadFiles/xwzx/2021/12/202112171559241223.jpg	UploadFiles/xwzx/2021/12/202112171559241223.jpg	1816850	1262dc35a69954d62c0891030e529e39b594f7f2d803200a1578de009caedee2	1262dc35a69954d62c0891030e529e39b594f7f2d803200a1578de009caedee2	
UploadFiles/xwzx/2021/12/202112171559251058.jpg	UploadFiles/xwzx/2021/12/202112171559251058.jpg	2403295	611491dfadd4e5b44924015f4909f88cde5a40e82f39cefb28cf259c16fc7175	611491dfadd4e5b44924015f4909f88cde5a40e82f39cefb28cf259c16fc7175	
UploadFiles/xwzx/2021/12/202112171559256186.jpg	UploadFiles/xwzx/2021/12/202112171559256186.jpg	1930282	3bb78e239aa9d4de12ba23cd4f0a768774a29fd50a18c962601f72ace7282996	3bb78e239aa9d4de12ba23cd4f0a768774a29fd50a18c962601f72ace7282996	
UploadFiles/xwzx/2021/12/202112171559257396.jpg	UploadFiles/xwzx/2021/12/202112171559257396.jpg	59224	ce5b70003ec1c15e75ad6e2a2dbb62d758f91eaaf3df98e3e9f082b927eeffb2	ce5b70003ec1c15e75ad6e2a2dbb62d758f91eaaf3df98e3e9f082b927eeffb2	
UploadFiles/xwzx/2021/12/202112171559286829.jpg	UploadFiles/xwzx/2021/12/202112171559286829.jpg	1808266	69dba521c2ed20bfa6b398a35c8adef2ab35475eb92ba50b2c916bd2ce12a61f	69dba521c2ed20bfa6b398a35c8adef2ab35475eb92ba50b2c916bd2ce12a61f	
UploadFiles/xwzx/2021/12/202112171559303389.jpg	UploadFiles/xwzx/2021/12/202112171559303389.jpg	3162163	d0629e20ebedbdac088b81a1b42c4ba9c0bd927b9254c5e5258a8cee1d9f3576	d0629e20ebedbdac088b81a1b42c4ba9c0bd927b9254c5e5258a8cee1d9f3576	
UploadFiles/xwzx/2021/12/202112171559338639.jpg	UploadFiles/xwzx/2021/12/202112171559338639.jpg	4407102	16cf40de8ce51ca7870f966a7d79b4433ba6040c7b2690ab03fa34a99d243e5e	16cf40de8ce51ca7870f966a7d79b4433ba6040c7b2690ab03fa34a99d243e5e	
UploadFiles/xwzx/2021/12/202112171559372274.jpg	UploadFiles/xwzx/2021/12/202112171559372274.jpg	3987262	565c2b7057871d9921187e37853d38c86857d9ad8de432e950b4493e7a85e5c0	565c2b7057871d9921187e37853d38c86857d9ad8de432e950b4493e7a85e5c0	
UploadFiles/xwzx/2021/12/202112171559391005.jpg	UploadFiles/xwzx/2021/12/202112171559391005.jpg	2128466	3f61101042650c3acc3289b2c0c0453d897f09c8699ecac1c6c7028a744fac0d	3f61101042650c3acc3289b2c0c0453d897f09c8699ecac1c6c7028a744fac0d	
UploadFiles/xwzx/2021/12/202112171559395590.JPG	UploadFiles/xwzx/2021/12/202112171559395590.JPG	701775	19215bc5ddf281afce320e76dab9b574ca9a459a1479ab31ba7827f3c1d6f086	19215bc5ddf281afce320e76dab9b574ca9a459a1479ab31ba7827f3c1d6f086	
UploadFiles/xwzx/2021/12/202112171559411028.jpg	UploadFiles/xwzx/2021/12/202112171559411028.jpg	5314901	352db1474c71b11753106d6f679d7aefbf07f991d229b78fac67a0ab521878ae	352db1474c71b11753106d6f679d7aefbf07f991d229b78fac67a0ab521878ae	
UploadFiles/xwzx/2021/12/202112171559411711.jpg	UploadFiles/xwzx/2021/12/202112171559411711.jpg	3920276	966ab482934d34bb029dd0a815d7128b7d50c19bbd632bc1584aeca3f36c3e81	966ab482934d34bb029dd0a815d7128b7d50c19bbd632bc1584aeca3f36c3e81	
UploadFiles/xwzx/2021/12/202112171601295154.png	UploadFiles/xwzx/2021/12/202112171601295154.png	262924	618b70a369b8a7577255b4bc634de818874056074fe1b44448f29d3433987814	618b70a369b8a7577255b4bc634de818874056074fe1b44448f29d3433987814	
UploadFiles/xwzx/2021/12/202112171601299587.png	UploadFiles/xwzx/2021/12/202112171601299587.png	331814	cd6804e88aea9bea4bf3d2f9a9975820095d7091a8e2d224715b1ba1f2bf07af	cd6804e88aea9bea4bf3d2f9a9975820095d7091a8e2d224715b1ba1f2bf07af	
UploadFiles/xwzx/2021/12/202112171601313350.jpg	UploadFiles/xwzx/2021/12/202112171601313350.jpg	2658454	3816bd91fd125e378178cb3ca77a83fb687e3774ee08eac5fcbd606627571511	3816bd91fd125e378178cb3ca77a83fb687e3774ee08eac5fcbd606627571511	
UploadFiles/xwzx/2021/12/202112171603557845.JPG	UploadFiles/xwzx/2021/12/202112171603557845.JPG	6616205	0fc055cf343a7d4698e3673eb329595676a9c7b00209f2a15210858ab152a71d	0fc055cf343a7d4698e3673eb329595676a9c7b00209f2a15210858ab152a71d	
UploadFiles/xwzx/2021/12/202112171603595451.JPG	UploadFiles/xwzx/2021/12/202112171603595451.JPG	6698762	637f9eb21ed87ad338c9bff9b3382dc519d2681da6dcd8966043485dfad3fd74	637f9eb21ed87ad338c9bff9b3382dc519d2681da6dcd8966043485dfad3fd74	
UploadFiles/xwzx/2021/12/202112171604030020.JPG	UploadFiles/xwzx/2021/12/202112171604030020.JPG	5843475	607e383a8b48ffeeb74b1b78da9036133a6d6835c06ef7237418178bf3cde566	607e383a8b48ffeeb74b1b78da9036133a6d6835c06ef7237418178bf3cde566	
UploadFiles/xwzx/2021/12/202112171604069275.JPG	UploadFiles/xwzx/2021/12/202112171604069275.JPG	4246337	f4d5420474d237d78b4806cb37199c56f34ee91f1240f17950f54f9dbf681e07	f4d5420474d237d78b4806cb37199c56f34ee91f1240f17950f54f9dbf681e07	
UploadFiles/xwzx/2021/12/202112171604091677.JPG	UploadFiles/xwzx/2021/12/202112171604091677.JPG	5548919	985c8a749d83eb38d4077367c092c1e8247eda8f22e7b4154aa9a2e593561447	985c8a749d83eb38d4077367c092c1e8247eda8f22e7b4154aa9a2e593561447	
UploadFiles/xwzx/2021/12/202112171604123540.JPG	UploadFiles/xwzx/2021/12/202112171604123540.JPG	3637248	62a06fdf3e29b42c6f7ceccae08268356733506ef7f4745dcaf3c9838022678e	62a06fdf3e29b42c6f7ceccae08268356733506ef7f4745dcaf3c9838022678e	
UploadFiles/xwzx/2021/12/202112171604147355.JPG	UploadFiles/xwzx/2021/12/202112171604147355.JPG	6926012	0b276d7238e9824818168fd8d7fded1aba857bd3bed732e43f3c2241353ca1c3	0b276d7238e9824818168fd8d7fded1aba857bd3bed732e43f3c2241353ca1c3	
UploadFiles/xwzx/2021/12/202112171604181211.JPG	UploadFiles/xwzx/2021/12/202112171604181211.JPG	6154553	d96657be7a268f2f7438c11714eb638b5792798e379b3a55c322b9a59ab7d062	d96657be7a268f2f7438c11714eb638b5792798e379b3a55c322b9a59ab7d062	
UploadFiles/xwzx/2021/12/202112171604200923.JPG	UploadFiles/xwzx/2021/12/202112171604200923.JPG	6030221	38ddbc8f6afbebf367c089e4916dd68bcd918e9ad6ca884b700964b8fa8a1c28	38ddbc8f6afbebf367c089e4916dd68bcd918e9ad6ca884b700964b8fa8a1c28	
UploadFiles/xwzx/2021/12/202112171604223656.JPG	UploadFiles/xwzx/2021/12/202112171604223656.JPG	6868819	cc24faaa2a749534f35398037687b6a67eebf8a788828de786d1148fbf55c18e	cc24faaa2a749534f35398037687b6a67eebf8a788828de786d1148fbf55c18e	
UploadFiles/xwzx/2021/12/202112171605265185.JPG	UploadFiles/xwzx/2021/12/202112171605265185.JPG	6403913	f59bdb338190a098253dcb697b6b8d65696817404eca330cea4bb881045306af	f59bdb338190a098253dcb697b6b8d65696817404eca330cea4bb881045306af	
UploadFiles/xwzx/2021/12/202112171605268367.JPG	UploadFiles/xwzx/2021/12/202112171605268367.JPG	6453345	906f26cc004bff79b0dc3b82469f4921e514681b38c387d29d4119e9c066260b	906f26cc004bff79b0dc3b82469f4921e514681b38c387d29d4119e9c066260b	
UploadFiles/xwzx/2021/12/202112171605269456.JPG	UploadFiles/xwzx/2021/12/202112171605269456.JPG	6400348	cd20729b877d312938ed5b6c942753dbb88ee45dc3128cf2eedfb883ede87711	cd20729b877d312938ed5b6c942753dbb88ee45dc3128cf2eedfb883ede87711	
UploadFiles/xwzx/2021/12/202112171605325862.JPG	UploadFiles/xwzx/2021/12/202112171605325862.JPG	6389810	b809b71e7f6cc57ec9bca35f4d3bd91cd5e347c253ed7afec60b2ae82c29af0f	b809b71e7f6cc57ec9bca35f4d3bd91cd5e347c253ed7afec60b2ae82c29af0f	
UploadFiles/xwzx/2021/12/202112171605363372.JPG	UploadFiles/xwzx/2021/12/202112171605363372.JPG	6325786	186e81463e07a0765138bfc1a88e64ccbabfb8b1cf61f781c203c8445a6e036a	186e81463e07a0765138bfc1a88e64ccbabfb8b1cf61f781c203c8445a6e036a	
UploadFiles/xwzx/2021/12/202112171605409997.JPG	UploadFiles/xwzx/2021/12/202112171605409997.JPG	6527531	37f208fc1bfd49581373c6087eda2e185284278ba5c96dee3a55a7646d22104d	37f208fc1bfd49581373c6087eda2e185284278ba5c96dee3a55a7646d22104d	
UploadFiles/xwzx/2021/12/202112171605448000.JPG	UploadFiles/xwzx/2021/12/202112171605448000.JPG	6306661	bbf1c9e1b7064a1319a08cb5091bbf8df57f1785c825ae73163963e17754d36f	bbf1c9e1b7064a1319a08cb5091bbf8df57f1785c825ae73163963e17754d36f	
UploadFiles/xwzx/2021/12/202112171605489415.JPG	UploadFiles/xwzx/2021/12/202112171605489415.JPG	6786259	4712f8ff8a1af5318e24f650f7f460c36546ce29eaa55ea678786051c25d59d8	4712f8ff8a1af5318e24f650f7f460c36546ce29eaa55ea678786051c25d59d8	
UploadFiles/xwzx/2021/12/202112171605530111.JPG	UploadFiles/xwzx/2021/12/202112171605530111.JPG	6221046	d6fbbd533e05e039213af829c06419a2aafdbb3df652d860e970db5f546f1bc5	d6fbbd533e05e039213af829c06419a2aafdbb3df652d860e970db5f546f1bc5	
UploadFiles/xwzx/2021/12/202112171605576912.JPG	UploadFiles/xwzx/2021/12/202112171605576912.JPG	6460227	c9aa93659d8cea54bdfee8f436a49a470b4b0967f08489f50fd9ec5f78f404f6	c9aa93659d8cea54bdfee8f436a49a470b4b0967f08489f50fd9ec5f78f404f6	
UploadFiles/xwzx/2021/12/202112171605587877.JPG	UploadFiles/xwzx/2021/12/202112171605587877.JPG	6156059	88f53082e1a76399639e305f4d077d157ec519068b65bfbbe0fc7cc34b6728f1	88f53082e1a76399639e305f4d077d157ec519068b65bfbbe0fc7cc34b6728f1	
UploadFiles/xwzx/2021/12/202112171606012090.JPG	UploadFiles/xwzx/2021/12/202112171606012090.JPG	6502596	c014b46c5be70638dcc846ac43ce1ebcc17a819aa5db6201324cdc6d109396d5	c014b46c5be70638dcc846ac43ce1ebcc17a819aa5db6201324cdc6d109396d5	
UploadFiles/xwzx/2021/12/202112171606016452.JPG	UploadFiles/xwzx/2021/12/202112171606016452.JPG	5917879	57ec938dd12db3724567821b06c0eb985ca8d93884773fba1a255c80e85b2fc9	57ec938dd12db3724567821b06c0eb985ca8d93884773fba1a255c80e85b2fc9	
UploadFiles/xwzx/2021/12/202112171606048376.JPG	UploadFiles/xwzx/2021/12/202112171606048376.JPG	6302979	42d2f1fb33fc28e640a7b63459e07e7aaab69fa4f26055ae30c8a868976cd3cf	42d2f1fb33fc28e640a7b63459e07e7aaab69fa4f26055ae30c8a868976cd3cf	
UploadFiles/xwzx/2021/12/202112171606081068.JPG	UploadFiles/xwzx/2021/12/202112171606081068.JPG	6326513	7c1a583960725cab6c8a5b0bd84781a7f763196a1fb6172df1e3814cb88d6e3b	7c1a583960725cab6c8a5b0bd84781a7f763196a1fb6172df1e3814cb88d6e3b	
UploadFiles/xwzx/2021/12/202112171606584573.jpg	UploadFiles/xwzx/2021/12/202112171606584573.jpg	192439	1ae4acbbab83bc60287b5b3980e058390362c23488a8fa6a4c752408bd350f9b	1ae4acbbab83bc60287b5b3980e058390362c23488a8fa6a4c752408bd350f9b	
UploadFiles/xwzx/2021/12/202112171659161064.jpg	UploadFiles/xwzx/2021/12/202112171659161064.jpg	231129	a5c7c932136f8ebb5f5648edfae0dcd42a6479d1be271e00ef56c7d7c1edcffb	a5c7c932136f8ebb5f5648edfae0dcd42a6479d1be271e00ef56c7d7c1edcffb	
UploadFiles/xwzx/2021/12/202112171659236454.jpg	UploadFiles/xwzx/2021/12/202112171659236454.jpg	106553	03e3e0297c0d7a9811021118261e77bb4a333540d75026021638d594367811d7	03e3e0297c0d7a9811021118261e77bb4a333540d75026021638d594367811d7	
UploadFiles/xwzx/2021/12/202112171659361550.jpg	UploadFiles/xwzx/2021/12/202112171659361550.jpg	251874	c1afadcf3004f9f18ccb159d641313f32fca61611be953ecbf9be9a97a593489	c1afadcf3004f9f18ccb159d641313f32fca61611be953ecbf9be9a97a593489	
UploadFiles/xwzx/2021/12/202112171659422113.jpg	UploadFiles/xwzx/2021/12/202112171659422113.jpg	273902	17416025dd85d5472c0b5ea94a3c98c017e54c1e7d258706045e4e50221c6008	17416025dd85d5472c0b5ea94a3c98c017e54c1e7d258706045e4e50221c6008	
UploadFiles/xwzx/2021/12/202112191013196832.jpg	UploadFiles/xwzx/2021/12/202112191013196832.jpg	529896	6e8ed8d79c1ff22c83670af53c6fb670495017164afc7e3f328b13ed40ceabcf	6e8ed8d79c1ff22c83670af53c6fb670495017164afc7e3f328b13ed40ceabcf	
UploadFiles/xwzx/2021/12/202112200848341940.gif	UploadFiles/xwzx/2021/12/202112200848341940.gif	1005	96ae963c64e3bf7edd26f5e8d131f80d1444536dc7c69b6164d23e4db16a20d3	96ae963c64e3bf7edd26f5e8d131f80d1444536dc7c69b6164d23e4db16a20d3	
UploadFiles/xwzx/2021/12/202112200848349098.gif	UploadFiles/xwzx/2021/12/202112200848349098.gif	1012	62c86a7776611273707faece405890b74a8c521b17a73e339875d8aa4f9ca361	62c86a7776611273707faece405890b74a8c521b17a73e339875d8aa4f9ca361	
UploadFiles/xwzx/2021/12/202112201641035473.png	UploadFiles/xwzx/2021/12/202112201641035473.png	42720	430639578f42e7f72466b99f16e5a42074ca8184b3f3d9b72bb20f4433936e13	430639578f42e7f72466b99f16e5a42074ca8184b3f3d9b72bb20f4433936e13	
UploadFiles/xwzx/2021/12/202112201641037576.png	UploadFiles/xwzx/2021/12/202112201641037576.png	49508	69925a906819a1d50cbd633c529683d0c82a19af65aada971c38b3b240fafedb	69925a906819a1d50cbd633c529683d0c82a19af65aada971c38b3b240fafedb	
UploadFiles/xwzx/2021/12/202112210750393415.jpg	UploadFiles/xwzx/2021/12/202112210750393415.jpg	122625	34893a5fe4b438cbc0b245135b98a74ecbc5e9882c83388890ef63bddc14763c	34893a5fe4b438cbc0b245135b98a74ecbc5e9882c83388890ef63bddc14763c	
UploadFiles/xwzx/2021/12/202112211502481118.gif	UploadFiles/xwzx/2021/12/202112211502481118.gif	1001	c307c8f0b67e7dba8025eba1af7d957b54d2051d0ff82b2c5d90bc3c7a434904	c307c8f0b67e7dba8025eba1af7d957b54d2051d0ff82b2c5d90bc3c7a434904	
UploadFiles/xwzx/2021/12/202112220909254992.gif	UploadFiles/xwzx/2021/12/202112220909254992.gif	1005	96ae963c64e3bf7edd26f5e8d131f80d1444536dc7c69b6164d23e4db16a20d3	96ae963c64e3bf7edd26f5e8d131f80d1444536dc7c69b6164d23e4db16a20d3	
UploadFiles/xwzx/2021/12/202112240919031479.gif	UploadFiles/xwzx/2021/12/202112240919031479.gif	1005	96ae963c64e3bf7edd26f5e8d131f80d1444536dc7c69b6164d23e4db16a20d3	96ae963c64e3bf7edd26f5e8d131f80d1444536dc7c69b6164d23e4db16a20d3	
UploadFiles/xwzx/2021/12/202112241431415512.jpg	UploadFiles/xwzx/2021/12/202112241431415512.jpg	86304	be379cd208b2ab8c38e051d013a1c026a4f433c5c0157338a8e29e7a85bdaf46	be379cd208b2ab8c38e051d013a1c026a4f433c5c0157338a8e29e7a85bdaf46	
UploadFiles/xwzx/2021/12/202112241737524089.png	UploadFiles/xwzx/2021/12/202112241737524089.png	1630200	613de268bcec3e64c58b8576cc0685fe92695ec87a67238aed0b43d2bc28edb8	613de268bcec3e64c58b8576cc0685fe92695ec87a67238aed0b43d2bc28edb8	
UploadFiles/xwzx/2021/12/202112241740307679.jpg	UploadFiles/xwzx/2021/12/202112241740307679.jpg	4428559	7946b6eaa88f36d93a7ea303295dabbf55bcf6ba7ea22d27dab5bf62cb61fa41	7946b6eaa88f36d93a7ea303295dabbf55bcf6ba7ea22d27dab5bf62cb61fa41	
UploadFiles/xwzx/2021/12/202112241741260780.JPG	UploadFiles/xwzx/2021/12/202112241741260780.JPG	382134	9d2d569c5cbc6efa501ef521fd0985d7ad4a35e5c4b8ae2e5187db9c1e824ce8	9d2d569c5cbc6efa501ef521fd0985d7ad4a35e5c4b8ae2e5187db9c1e824ce8	
UploadFiles/xwzx/2021/12/202112241741263014.JPG	UploadFiles/xwzx/2021/12/202112241741263014.JPG	377935	849d89d557ccfc8b330979b5c9ffabbc636451ad6afa0dc34fa0838a3954e111	849d89d557ccfc8b330979b5c9ffabbc636451ad6afa0dc34fa0838a3954e111	
UploadFiles/xwzx/2021/12/202112250811213430.jpg	UploadFiles/xwzx/2021/12/202112250811213430.jpg	106230	579d47a4f26b3f71d1991a85e1f3429c3b70b29fd98f24dc932beaeb212a7808	579d47a4f26b3f71d1991a85e1f3429c3b70b29fd98f24dc932beaeb212a7808	
UploadFiles/xwzx/2021/12/202112271309323512.jpg	UploadFiles/xwzx/2021/12/202112271309323512.jpg	23009	c276c40ca0aa1632cc94a2cbe809b40a96a2033fcfc3b46b27e3a0e58931b495	c276c40ca0aa1632cc94a2cbe809b40a96a2033fcfc3b46b27e3a0e58931b495	
UploadFiles/xwzx/2021/12/202112281402596798.gif	UploadFiles/xwzx/2021/12/202112281402596798.gif	1012	62c86a7776611273707faece405890b74a8c521b17a73e339875d8aa4f9ca361	62c86a7776611273707faece405890b74a8c521b17a73e339875d8aa4f9ca361	
UploadFiles/xwzx/2021/12/202112290932210627.jpg	UploadFiles/xwzx/2021/12/202112290932210627.jpg	13178	90865f0a22dfd47b47d85e8eb76ed392feaf0ac6d6141e71e5dbfd62dc2acc39	90865f0a22dfd47b47d85e8eb76ed392feaf0ac6d6141e71e5dbfd62dc2acc39	
UploadFiles/xwzx/2021/12/202112301516442144.png	UploadFiles/xwzx/2021/12/202112301516442144.png	74707	893b9327e5dc2822f07a56ce6c7b98194ac0ff84205558ada36293438cb6215b	893b9327e5dc2822f07a56ce6c7b98194ac0ff84205558ada36293438cb6215b	
UploadFiles/xwzx/2021/12/202112301757556208.jpg	UploadFiles/xwzx/2021/12/202112301757556208.jpg	49061	50b7eaf5fa4e554c2ca2d7e09f06ed08ef51e68e46d0db645cff5170dc9d1db8	50b7eaf5fa4e554c2ca2d7e09f06ed08ef51e68e46d0db645cff5170dc9d1db8	
UploadFiles/xwzx/2021/2/202102010752351576.Png	UploadFiles/xwzx/2021/2/202102010752351576.Png	26024	1bfd0348a68ffaf36f4d24ac4abb889e720ae69e3f2213ed09853d8727db2fe1	1bfd0348a68ffaf36f4d24ac4abb889e720ae69e3f2213ed09853d8727db2fe1	
UploadFiles/xwzx/2021/2/202102010752356900.Png	UploadFiles/xwzx/2021/2/202102010752356900.Png	24911	9600cae80789d35b6581dc7d67500181fa128de94486f4a76e4a8094b630b554	9600cae80789d35b6581dc7d67500181fa128de94486f4a76e4a8094b630b554	
UploadFiles/xwzx/2021/2/202102011419012716.jpg	UploadFiles/xwzx/2021/2/202102011419012716.jpg	121571	8d5d7f7df527148ccdd364d79ab49f5a92732fe1b3830acdc8bb1da7053ab9de	8d5d7f7df527148ccdd364d79ab49f5a92732fe1b3830acdc8bb1da7053ab9de	
UploadFiles/xwzx/2021/2/202102011624053113.jpg	UploadFiles/xwzx/2021/2/202102011624053113.jpg	54393	e8c90acf4d2109ab73ee868d659786531f7d8101fc4deaf9d24d8cff8b95d32d	e8c90acf4d2109ab73ee868d659786531f7d8101fc4deaf9d24d8cff8b95d32d	
UploadFiles/xwzx/2021/2/202102051024470728.jpg	UploadFiles/xwzx/2021/2/202102051024470728.jpg	2613735	1ee832f916d79e81641e3a4dac572338fc0a4031a0280fc721e45710fbf51c26	1ee832f916d79e81641e3a4dac572338fc0a4031a0280fc721e45710fbf51c26	
UploadFiles/xwzx/2021/2/202102051028034018.jpg	UploadFiles/xwzx/2021/2/202102051028034018.jpg	2368410	feaaa4db001f96f1a29742cbdb78e907d1b53d4907e866f9e16b8b3a4214f7f7	feaaa4db001f96f1a29742cbdb78e907d1b53d4907e866f9e16b8b3a4214f7f7	
UploadFiles/xwzx/2021/2/202102051029497126.JPG	UploadFiles/xwzx/2021/2/202102051029497126.JPG	3691134	9a8ab7633dfe4e358128043e8f0599bbfafe725a0f5bc9e3251497c6267388f7	9a8ab7633dfe4e358128043e8f0599bbfafe725a0f5bc9e3251497c6267388f7	
UploadFiles/xwzx/2021/2/202102051030112558.jpg	UploadFiles/xwzx/2021/2/202102051030112558.jpg	234942	360240841f805b12e29c908370c828725605b51ab2141f73ea9cf4bb46f7fe0a	360240841f805b12e29c908370c828725605b51ab2141f73ea9cf4bb46f7fe0a	
UploadFiles/xwzx/2021/2/202102051030115412.jpg	UploadFiles/xwzx/2021/2/202102051030115412.jpg	1913959	b1d0b464035312ab3aeabc46e157be39cdd57e595780a26782f88a60b8027397	b1d0b464035312ab3aeabc46e157be39cdd57e595780a26782f88a60b8027397	
UploadFiles/xwzx/2021/2/202102051031222924.jpg	UploadFiles/xwzx/2021/2/202102051031222924.jpg	1999528	6db8dc1b4e7fa6034c4aeb36133d5434c25b5d672079943c5d59e348ea4bfc88	6db8dc1b4e7fa6034c4aeb36133d5434c25b5d672079943c5d59e348ea4bfc88	
UploadFiles/xwzx/2021/2/202102051031230981.jpg	UploadFiles/xwzx/2021/2/202102051031230981.jpg	3344325	55785ae7878bd202e75318d27c4a7df1c642bae3d0e4039a267b31a5b540e336	55785ae7878bd202e75318d27c4a7df1c642bae3d0e4039a267b31a5b540e336	
UploadFiles/xwzx/2021/2/202102051031234182.jpg	UploadFiles/xwzx/2021/2/202102051031234182.jpg	2821662	707aa9e55e454330840e82719dc1948708bec2b200765e221e3175cf61752d5f	707aa9e55e454330840e82719dc1948708bec2b200765e221e3175cf61752d5f	
UploadFiles/xwzx/2021/2/202102051031234441.jpg	UploadFiles/xwzx/2021/2/202102051031234441.jpg	952781	a513500ab0b5e12934b2ffe2a3fb656f7f7aa64ac9e2f5e6b3eadf1983a3e187	a513500ab0b5e12934b2ffe2a3fb656f7f7aa64ac9e2f5e6b3eadf1983a3e187	
UploadFiles/xwzx/2021/2/202102051102402678.jpg	UploadFiles/xwzx/2021/2/202102051102402678.jpg	246466	98725efb4bae88f9844aad6d69c0eb74992ecdc59c2f42c7409b0d3f46565804	98725efb4bae88f9844aad6d69c0eb74992ecdc59c2f42c7409b0d3f46565804	
UploadFiles/xwzx/2021/2/202102051102402684.jpg	UploadFiles/xwzx/2021/2/202102051102402684.jpg	250524	ad03f9499d8b5cf85279626158db7787cc553505c372c17d1f38119717825bcd	ad03f9499d8b5cf85279626158db7787cc553505c372c17d1f38119717825bcd	
UploadFiles/xwzx/2021/2/202102051103173283.jpg	UploadFiles/xwzx/2021/2/202102051103173283.jpg	200138	3e4e00f6e048fc6bc9e5151d4a5342bc2fd0047a089d645cd04f43b28a573961	3e4e00f6e048fc6bc9e5151d4a5342bc2fd0047a089d645cd04f43b28a573961	
UploadFiles/xwzx/2021/2/202102051103174041.jpg	UploadFiles/xwzx/2021/2/202102051103174041.jpg	146440	39adec603920bdcdb0b573441928b3b6c6e1b5792d275c6b11c05ae1aa5fb4ee	39adec603920bdcdb0b573441928b3b6c6e1b5792d275c6b11c05ae1aa5fb4ee	
UploadFiles/xwzx/2021/2/202102051103337319.jpg	UploadFiles/xwzx/2021/2/202102051103337319.jpg	399437	9466df046e58748a93ab69e10f39cfac480c718365ddbf95a7fbbce61a3e1ab4	9466df046e58748a93ab69e10f39cfac480c718365ddbf95a7fbbce61a3e1ab4	
UploadFiles/xwzx/2021/2/202102220841061998.Png	UploadFiles/xwzx/2021/2/202102220841061998.Png	1923558	8177dc52333c05b16d60d4cb0bd3f7e3dc3e1688c19771c3f075966adb84e725	8177dc52333c05b16d60d4cb0bd3f7e3dc3e1688c19771c3f075966adb84e725	
UploadFiles/xwzx/2021/2/202102220841063598.Png	UploadFiles/xwzx/2021/2/202102220841063598.Png	1924695	74c4ee2389d6ca7048db549d43905a8f39c6d3ded5744060255d953cda79b2b7	74c4ee2389d6ca7048db549d43905a8f39c6d3ded5744060255d953cda79b2b7	
UploadFiles/xwzx/2021/2/202102220841075847.Png	UploadFiles/xwzx/2021/2/202102220841075847.Png	1843289	c99e8457c13eac3df99a6ab0dedf03afc2f1b0a87ea24fb57bf0ca5ca1ec3a8c	c99e8457c13eac3df99a6ab0dedf03afc2f1b0a87ea24fb57bf0ca5ca1ec3a8c	
UploadFiles/xwzx/2021/2/202102251243459907.png	UploadFiles/xwzx/2021/2/202102251243459907.png	139264	d428342bb5d15eef39c5ac0e60fadbb77ed5cbc9d0ea4835d035e3ee60795167	d428342bb5d15eef39c5ac0e60fadbb77ed5cbc9d0ea4835d035e3ee60795167	
UploadFiles/xwzx/2021/2/202102251243589125.png	UploadFiles/xwzx/2021/2/202102251243589125.png	78431	25bb83ab2293cf831d09b967491c09fe208912e6b6ac4ac2c6e8a851cdb19a2c	25bb83ab2293cf831d09b967491c09fe208912e6b6ac4ac2c6e8a851cdb19a2c	
UploadFiles/xwzx/2021/2/202102251244200837.png	UploadFiles/xwzx/2021/2/202102251244200837.png	553245	4629d5e9dc31bf30c8aed59dbaed20ba935212e7108765a3a8db58e622baa738	4629d5e9dc31bf30c8aed59dbaed20ba935212e7108765a3a8db58e622baa738	
UploadFiles/xwzx/2021/2/202102271405284069.jpg	UploadFiles/xwzx/2021/2/202102271405284069.jpg	3044172	ca7c9a98962b989c69838b85b5b46582a192f5154d92a6ec00cdca50348dff59	ca7c9a98962b989c69838b85b5b46582a192f5154d92a6ec00cdca50348dff59	
UploadFiles/xwzx/2021/2/202102271406220128.jpg	UploadFiles/xwzx/2021/2/202102271406220128.jpg	4095230	bfda26067ea72cbe50080989f9257b59ce3a61654ffde3b8589a4b294df546a3	bfda26067ea72cbe50080989f9257b59ce3a61654ffde3b8589a4b294df546a3	
UploadFiles/xwzx/2021/2/202102271406226080.jpg	UploadFiles/xwzx/2021/2/202102271406226080.jpg	3892812	a7504372cbaebcb307bad04f0a94b1ea97bd743c70988325a65655f25ed17b63	a7504372cbaebcb307bad04f0a94b1ea97bd743c70988325a65655f25ed17b63	
UploadFiles/xwzx/2021/2/202102271406513925.jpg	UploadFiles/xwzx/2021/2/202102271406513925.jpg	3532752	d847e5f6658eca9d83750be9f38e0bc9c5ffaad14fd152f2a9bc2d8f0d298f94	d847e5f6658eca9d83750be9f38e0bc9c5ffaad14fd152f2a9bc2d8f0d298f94	
UploadFiles/xwzx/2021/2/202102280852383871.jpg	UploadFiles/xwzx/2021/2/202102280852383871.jpg	95527	553e7b1882c990b6aa43d48bd039aad612f6ed9b68d219c3d737859ea513f608	553e7b1882c990b6aa43d48bd039aad612f6ed9b68d219c3d737859ea513f608	
UploadFiles/xwzx/2021/2/202102280852538980.jpg	UploadFiles/xwzx/2021/2/202102280852538980.jpg	92659	5243fd86a7a9b3ded034f618e7670f57fd9f3a61dca3d9432d6c9a76c87130a3	5243fd86a7a9b3ded034f618e7670f57fd9f3a61dca3d9432d6c9a76c87130a3	
UploadFiles/xwzx/2021/2/202102280920296980.gif	UploadFiles/xwzx/2021/2/202102280920296980.gif	1005	96ae963c64e3bf7edd26f5e8d131f80d1444536dc7c69b6164d23e4db16a20d3	96ae963c64e3bf7edd26f5e8d131f80d1444536dc7c69b6164d23e4db16a20d3	
UploadFiles/xwzx/2021/2/202102281417074347.jpg	UploadFiles/xwzx/2021/2/202102281417074347.jpg	102287	6334ae0b7216f4b908b2296be4472a53197551cd5ed472e06ff98311a13fafde	6334ae0b7216f4b908b2296be4472a53197551cd5ed472e06ff98311a13fafde	
UploadFiles/xwzx/2021/3/202103010758132799.jpg	UploadFiles/xwzx/2021/3/202103010758132799.jpg	109564	5c309beaad9e1fd2006012d932c297c2bd8e9b433f7c77a1a4fd303661037296	5c309beaad9e1fd2006012d932c297c2bd8e9b433f7c77a1a4fd303661037296	
UploadFiles/xwzx/2021/3/202103010758135477.jpg	UploadFiles/xwzx/2021/3/202103010758135477.jpg	123102	33fc33440231d67304a4c80a2a62f962bcbc3a99f90428a76e3d754a71ffaf6d	33fc33440231d67304a4c80a2a62f962bcbc3a99f90428a76e3d754a71ffaf6d	
UploadFiles/xwzx/2021/3/202103010759180831.JPG	UploadFiles/xwzx/2021/3/202103010759180831.JPG	2664173	3ea1651095c58e318d37421a9b422ab8ff06aba394dee91ee4e78747841e1226	3ea1651095c58e318d37421a9b422ab8ff06aba394dee91ee4e78747841e1226	
UploadFiles/xwzx/2021/3/202103010759181172.jpg	UploadFiles/xwzx/2021/3/202103010759181172.jpg	5022739	f2c500778c24269185b8f4c56ddf3ad76a0774d32ccc6ee4c2c585833c3653de	f2c500778c24269185b8f4c56ddf3ad76a0774d32ccc6ee4c2c585833c3653de	
UploadFiles/xwzx/2021/3/202103010804330380.jpg	UploadFiles/xwzx/2021/3/202103010804330380.jpg	313639	e8e92bb2fb886a51b1e7d755c4c91c85bda4f95f8c913a9dcff2c108e7b71f6a	e8e92bb2fb886a51b1e7d755c4c91c85bda4f95f8c913a9dcff2c108e7b71f6a	
UploadFiles/xwzx/2021/3/202103010804482818.jpg	UploadFiles/xwzx/2021/3/202103010804482818.jpg	168702	0d5f4b2d06fb6ebd06e54b8fdf67a42420793a7dc60b19060c7df63f32b43c17	0d5f4b2d06fb6ebd06e54b8fdf67a42420793a7dc60b19060c7df63f32b43c17	
